audit_kind,item_id,canonical_id,canonical_type,canonical_name,alias,normalized_alias,observed_types,mention_count,mention_ids,is_valid,type_correct,evidence_support,direction_correct,notes
alias,ent_002804::quốc gia cổ đại,ent_002804,Concept,quốc gia cổ đại,quốc gia cổ đại,quốc gia cổ đại,"[""Concept""]",2,"[""lichsu_10_s69_001:e5"", ""lichsu_10_s70_001:e1""]",,,,,
alias,ent_000687::Chiến tranh lạnh,ent_000687,Concept,Chiến tranh lạnh,Chiến tranh lạnh,chiến tranh lạnh,"[""Concept""]",4,"[""lichsu_12_s106_bai10_sec3_001:e1"", ""lichsu_12_s115_bai11_sec6_002:e1"", ""lichsu_12_s97_bai9_sec4_001:e7"", ""lichsu_12_s98_bai9_sec5_001:e2""]",,,,,
alias,ent_000432::biến động lớn,ent_000432,Concept,biến động lớn,biến động lớn,biến động lớn,"[""Concept""]",2,"[""lichsu_10_s123_001:e6"", ""lichsu_10_s124_001:e2""]",,,,,
alias,ent_003240::tình hình thế giới,ent_003240,Concept,tình hình thế giới,tình hình thế giới,tình hình thế giới,"[""Concept""]",1,"[""lichsu_11_s93_bai18_sec2_001:e2""]",,,,,
alias,ent_001311::đồng tiền chung châu Âu,ent_001311,Concept,đồng tiền chung châu Âu,đồng tiền chung châu Âu,đồng tiền chung châu âu,"[""Concept""]",1,"[""lichsu_12_s85_bai7_sec18_001:e6""]",,,,,
alias,ent_001216::đấu tranh quân sự,ent_001216,Concept,đấu tranh quân sự,đấu tranh quân sự,đấu tranh quân sự,"[""Concept""]",1,"[""lichsu_12_s272_bai22_sec20_003:e2""]",,,,,
alias,ent_001052::Cương lĩnh xây dựng đất nước trong thời kì quá độ lên chủ nghĩa xã hội,ent_001052,Concept,Cương lĩnh xây dựng đất nước trong thời kì quá độ lên chủ nghĩa xã hội,Cương lĩnh xây dựng đất nước trong thời kì quá độ lên chủ nghĩa xã hội,cương lĩnh xây dựng đất nước trong thời kì quá độ lên chủ nghĩa xã hội,"[""Concept""]",1,"[""lichsu_12_s311_bai26_sec6_004:e2""]",,,,,
alias,ent_000791::Chính sách kinh tế mới,ent_000791,Concept,Chính sách kinh tế mới,Chính sách kinh tế mới,chính sách kinh tế mới,"[""Concept""]",4,"[""lichsu_11_s34_bai10_sec1_001:e2"", ""lichsu_11_s35_bai10_sec2_001:e3"", ""lichsu_11_s35_bai10_sec2_002:e2"", ""lichsu_11_s35_bai10_sec2_003:e1""]",,,,,
alias,ent_003231::tiên Đông Dương của Pháp,ent_003231,Concept,tiên Đông Dương của Pháp,tiên Đông Dương của Pháp,tiên đông dương của pháp,"[""Concept""]",2,"[""lichsu_12_s189_bai17_sec10_001:e8"", ""lichsu_12_s192_bai17_sec13_001:e4""]",,,,,
alias,"ent_000654::chiến lược quân sự mới ""tìm diệt""",ent_000654,Concept,"chiến lược quân sự mới ""tìm diệt""","chiến lược quân sự mới ""tìm diệt""",chiến lược quân sự mới tìm diệt,"[""Concept""]",1,"[""lichsu_12_s259_bai22_sec7_001:e9""]",,,,,
alias,ent_002919::tác động về mặt kinh tế của các thương nhân Ấn,ent_002919,Concept,tác động về mặt kinh tế của các thương nhân Ấn,tác động về mặt kinh tế của các thương nhân Ấn,tác động về mặt kinh tế của các thương nhân ấn,"[""Concept""]",1,"[""lichsu_10_s40_002:e9""]",,,,,
alias,ent_003239::tình hình chính trị thế giới,ent_003239,Concept,tình hình chính trị thế giới,tình hình chính trị thế giới,tình hình chính trị thế giới,"[""Concept""]",1,"[""lichsu_12_s100_bai9_sec7_002:e4""]",,,,,
alias,ent_002441::Nho học,ent_002441,Concept,Nho học,Nho học,nho học,"[""Concept""]",1,"[""lichsu_10_s140_bai24_sec6_001:e7""]",,,,,
alias,ent_000610::chế độ tư bản,ent_000610,Concept,chế độ tư bản,chế độ tư bản,chế độ tư bản,"[""Concept""]",1,"[""lichsu_10_s169_001:e3""]",,,,,
alias,ent_002645::phong trào công nhân và phong trào yêu nước,ent_002645,Concept,phong trào công nhân và phong trào yêu nước,phong trào công nhân và phong trào yêu nước,phong trào công nhân và phong trào yêu nước,"[""Concept""]",2,"[""lichsu_12_s136_bai13_sec7_004:e12"", ""lichsu_12_s143_bai14_sec5_001:e8""]",,,,,
alias,"ent_001817::kỉ nguyên độc lập, tự do",ent_001817,Concept,"kỉ nguyên độc lập, tự do","kỉ nguyên độc lập, tự do",kỉ nguyên độc lập tự do,"[""Concept""]",1,"[""lichsu_12_s177_bai16_sec19_001:e7""]",,,,,
alias,ent_000461::bộ tộc Tuxi,ent_000461,Concept,bộ tộc Tuxi,bộ tộc Tuxi,bộ tộc tuxi,"[""Concept""]",1,"[""lichsu_12_s57_bai5_sec6_001:e7""]",,,,,
alias,ent_000459::Bổ sung Hiến pháp theo hướng tiến bô,ent_000459,Concept,Bổ sung Hiến pháp theo hướng tiến bô,Bổ sung Hiến pháp theo hướng tiến bô,bổ sung hiến pháp theo hướng tiến bô,"[""Concept""]",1,"[""lichsu_12_s65_bai6_sec3_001:e11""]",,,,,
alias,"ent_000642::chiến dịch ""tràn ngập lãnh thổ""",ent_000642,Concept,"chiến dịch ""tràn ngập lãnh thổ""","chiến dịch ""tràn ngập lãnh thổ""",chiến dịch tràn ngập lãnh thổ,"[""Concept""]",1,"[""lichsu_12_s281_bai23_sec8_001:e5""]",,,,,
alias,ent_000953::cuộc đấu tranh chống phong kiến,ent_000953,Concept,cuộc đấu tranh chống phong kiến,cuộc đấu tranh chống phong kiến,cuộc đấu tranh chống phong kiến,"[""Concept""]",1,"[""lichsu_10_s178_001:e6""]",,,,,
alias,ent_001164::Đạo luật Phục hưng công nghiệp,ent_001164,Concept,Đạo luật Phục hưng công nghiệp,Đạo luật Phục hưng công nghiệp,đạo luật phục hưng công nghiệp,"[""Concept""]",2,"[""lichsu_11_s58_bai13_sec4_001:e10"", ""lichsu_11_s58_bai13_sec4_002:e1""]",,,,,
alias,ent_002213::Nền độc lập của Tổ quốc,ent_002213,Concept,Nền độc lập của Tổ quốc,Nền độc lập của Tổ quốc,nền độc lập của tổ quốc,"[""Concept""]",1,"[""lichsu_10_s160_002:e5""]",,,,,
alias,ent_002669::Phong trào độc lập dân tộc,ent_002669,Concept,Phong trào độc lập dân tộc,Phong trào độc lập dân tộc,phong trào độc lập dân tộc,"[""Concept""]",2,"[""lichsu_11_s68_bai15_sec3_001:e3"", ""lichsu_11_s72_bai16_sec3_001:e10""]",,,,,
alias,ent_000445::binh sĩ người Việt,ent_000445,Concept,binh sĩ người Việt,binh sĩ người Việt,binh sĩ người việt,"[""Concept""]",1,"[""lichsu_11_s136_bai24_sec2_001:e10""]",,,,,
alias,ent_002539::Ổn định tình hình,ent_002539,Concept,Ổn định tình hình,Ổn định tình hình,ổn định tình hình,"[""Concept""]",1,"[""lichsu_12_s296_bai24_sec6_002:e5""]",,,,,
alias,ent_000895::công nghiệp,ent_000895,Concept,công nghiệp,công nghiệp,công nghiệp,"[""Concept""]",2,"[""lichsu_12_s142_bai14_sec4_001:e10"", ""lichsu_12_s242_bai21_sec8_002:e7""]",,,,,
alias,ent_003175::thời kì quá độ lên chủ nghĩa xã hội,ent_003175,Concept,thời kì quá độ lên chủ nghĩa xã hội,thời kì quá độ lên chủ nghĩa xã hội,thời kì quá độ lên chủ nghĩa xã hội,"[""Concept""]",2,"[""lichsu_12_s303_bai25_sec5_003:e7"", ""lichsu_12_s311_bai26_sec6_001:e10""]",,,,,
alias,ent_002839::sắc lệnh bãi bỏ chế độ nô lệ,ent_002839,Concept,sắc lệnh bãi bỏ chế độ nô lệ,sắc lệnh bãi bỏ chế độ nô lệ,sắc lệnh bãi bỏ chế độ nô lệ,"[""Concept""]",1,"[""lichsu_10_s192_bai33_sec5_003:e2""]",,,,,
alias,ent_003146::thiếu dân chủ và công bằng,ent_003146,Concept,thiếu dân chủ và công bằng,thiếu dân chủ và công bằng,thiếu dân chủ và công bằng,"[""Concept""]",1,"[""lichsu_12_s31_bai2_sec12_002:e8""]",,,,,
alias,ent_003543::xã hội tư bản,ent_003543,Concept,xã hội tư bản,xã hội tư bản,xã hội tư bản,"[""Concept""]",1,"[""lichsu_10_s208_002:e3""]",,,,,
alias,ent_001806::khủng hoảng trầm trọng của nền tài chính quốc gia,ent_001806,Concept,khủng hoảng trầm trọng của nền tài chính quốc gia,khủng hoảng trầm trọng của nền tài chính quốc gia,khủng hoảng trầm trọng của nền tài chính quốc gia,"[""Concept""]",1,"[""lichsu_10_s182_001:e8""]",,,,,
alias,ent_000983::cuộc khủng hoảng xã hội,ent_000983,Concept,cuộc khủng hoảng xã hội,cuộc khủng hoảng xã hội,cuộc khủng hoảng xã hội,"[""Concept""]",1,"[""lichsu_10_s158_003:e3""]",,,,,
alias,ent_001862::lãnh chúa phong kiến,ent_001862,Concept,lãnh chúa phong kiến,lãnh chúa phong kiến,lãnh chúa phong kiến,"[""Concept""]",1,"[""lichsu_10_s50_002:e2""]",,,,,
alias,ent_002644::phong trào công nhân thế giới,ent_002644,Concept,phong trào công nhân thế giới,phong trào công nhân thế giới,phong trào công nhân thế giới,"[""Concept""]",1,"[""lichsu_10_s221_bai39_sec2_001:e8""]",,,,,
alias,"ent_001338::dùng người Việt đánh người Việt, lấy chiến tranh nuôi chiến tranh",ent_001338,Concept,"dùng người Việt đánh người Việt, lấy chiến tranh nuôi chiến tranh","dùng người Việt đánh người Việt, lấy chiến tranh nuôi chiến tranh",dùng người việt đánh người việt lấy chiến tranh nuôi chiến tranh,"[""Concept""]",1,"[""lichsu_12_s205_bai18_sec11_002:e7""]",,,,,
alias,ent_003454::văn học và nghệ thuật Hinđu,ent_003454,Concept,văn học và nghệ thuật Hinđu,văn học và nghệ thuật Hinđu,văn học và nghệ thuật hinđu,"[""Concept""]",1,"[""lichsu_10_s33_001:e9""]",,,,,
alias,ent_000351::Ba chương trình kinh tế lớn,ent_000351,Concept,Ba chương trình kinh tế lớn,Ba chương trình kinh tế lớn,ba chương trình kinh tế lớn,"[""Concept""]",1,"[""lichsu_12_s311_bai26_sec6_001:e7""]",,,,,
alias,ent_003272::tôn giáo Phong trào đấu tranh của nông dân,ent_003272,Concept,tôn giáo Phong trào đấu tranh của nông dân,tôn giáo Phong trào đấu tranh của nông dân,tôn giáo phong trào đấu tranh của nông dân,"[""Concept""]",1,"[""lichsu_10_s54_bai11_sec3_001:e2""]",,,,,
alias,ent_003451::Văn học dân gian,ent_003451,Concept,Văn học dân gian,Văn học dân gian,văn học dân gian,"[""Concept""]",1,"[""lichsu_10_s140_bai24_sec6_002:e1""]",,,,,
alias,ent_000815::chủ nghĩa xã hội không tưởng,ent_000815,Concept,chủ nghĩa xã hội không tưởng,chủ nghĩa xã hội không tưởng,chủ nghĩa xã hội không tưởng,"[""Concept""]",3,"[""lichsu_10_s208_001:e1"", ""lichsu_10_s208_002:e1"", ""lichsu_10_s211_001:e1""]",,,,,
alias,ent_003132::thế lực phản cách mạng trong nước,ent_003132,Concept,thế lực phản cách mạng trong nước,thế lực phản cách mạng trong nước,thế lực phản cách mạng trong nước,"[""Concept""]",1,"[""lichsu_11_s29_bai7_sec6_001:e6""]",,,,,
alias,ent_003540::xã hội nguyên thuỷ,ent_003540,Concept,xã hội nguyên thuỷ,xã hội nguyên thuỷ,xã hội nguyên thuỷ,"[""Concept""]",2,"[""lichsu_10_s58_001:e1"", ""lichsu_10_s63_001:e8""]",,,,,
alias,ent_001536::hoàn thành thống nhất đất nước về mặt nhà nước,ent_001536,Concept,hoàn thành thống nhất đất nước về mặt nhà nước,hoàn thành thống nhất đất nước về mặt nhà nước,hoàn thành thống nhất đất nước về mặt nhà nước,"[""Concept""]",1,"[""lichsu_12_s293_bai24_sec3_001:e5""]",,,,,
alias,ent_003455::Văn học Việt Nam,ent_003455,Concept,Văn học Việt Nam,Văn học Việt Nam,văn học việt nam,"[""Concept""]",1,"[""lichsu_10_s140_bai24_sec6_002:e6""]",,,,,
alias,ent_000811::chủ nghĩa tư bản,ent_000811,Concept,chủ nghĩa tư bản,chủ nghĩa tư bản,chủ nghĩa tư bản,"[""Concept""]",24,"[""lichsu_10_s171_001:e11"", ""lichsu_10_s174_001:e2"", ""lichsu_10_s175_001:e3"", ""lichsu_10_s178_001:e5"", ""lichsu_10_s180_001:e4"", ""lichsu_10_s183_001:e10"", ""lichsu_10_s186_001:e4"", ""lichsu_10_s190_bai33_sec3_001:e12"", ""lichsu_10_s192_bai33_sec5_003:e11"", ""lichsu_10_s195_001:e1"", ""lichsu_10_s195_003:e12"", ""lichsu_10_s198_001:e5"", ""lichsu_10_s200_001:e10"", ""lichsu_10_s206_001:e8"", ""lichsu_10_s207_001:e1"", ""lichsu_10_s208_001:e3"", ""lichsu_10_s221_bai39_sec2_001:e10"", ""lichsu_10_s54_bai11_sec3_002:e12"", ""lichsu_10_s57_001:e2"", ""lichsu_10_s63_001:e3"", ""lichsu_11_s25_bai7_sec2_001:e7"", ""lichsu_11_s25_bai7_sec2_002:e2"", ""lichsu_11_s55_bai13_sec1_001:e10"", ""lichsu_11_s72_bai16_sec3_001:e5""]",,,,,
alias,ent_000926::Cung oán ngâm khúc,ent_000926,Concept,Cung oán ngâm khúc,Cung oán ngâm khúc,cung oán ngâm khúc,"[""Concept""]",2,"[""lichsu_10_s140_bai24_sec6_002:e4"", ""lichsu_10_s141_bai24_sec7_001:e3""]",,,,,
alias,ent_003327::trào lưu tư tưởng dân chủ tư sản,ent_003327,Concept,trào lưu tư tưởng dân chủ tư sản,trào lưu tư tưởng dân chủ tư sản,trào lưu tư tưởng dân chủ tư sản,"[""Concept""]",1,"[""lichsu_11_s140_bai24_sec6_003:e4""]",,,,,
alias,ent_001515::hiệp ước Patonốt,ent_001515,Concept,hiệp ước Patonốt,hiệp ước Patonốt,hiệp ước patonốt,"[""Concept""]",1,"[""lichsu_11_s120_bai21_sec3_001:e6""]",,,,,
alias,ent_003548::xây dựng chủ nghĩa xã hội,ent_003548,Concept,xây dựng chủ nghĩa xã hội,xây dựng chủ nghĩa xã hội,xây dựng chủ nghĩa xã hội,"[""Concept""]",1,"[""lichsu_11_s43_bai10_sec10_001:e9""]",,,,,
alias,ent_000622::chia ruộng đất công cho dân cày nghèo,ent_000622,Concept,chia ruộng đất công cho dân cày nghèo,chia ruộng đất công cho dân cày nghèo,chia ruộng đất công cho dân cày nghèo,"[""Concept""]",1,"[""lichsu_12_s144_bai14_sec6_003:e10""]",,,,,
alias,ent_001684::khai thác thuộc địa,ent_001684,Concept,khai thác thuộc địa,khai thác thuộc địa,khai thác thuộc địa,"[""Concept""]",1,"[""lichsu_12_s124_bai12_sec7_001:e6""]",,,,,
alias,ent_000648::chiến lược công nghiệp hoá lấy xuất khẩu làm chủ đạo,ent_000648,Concept,chiến lược công nghiệp hoá lấy xuất khẩu làm chủ đạo,chiến lược công nghiệp hoá lấy xuất khẩu làm chủ đạo,chiến lược công nghiệp hoá lấy xuất khẩu làm chủ đạo,"[""Concept""]",1,"[""lichsu_12_s45_bai4_sec4_001:e11""]",,,,,
alias,ent_001624::hợp tác hoá nông nghiệp,ent_001624,Concept,hợp tác hoá nông nghiệp,hợp tác hoá nông nghiệp,hợp tác hoá nông nghiệp,"[""Concept""]",1,"[""lichsu_12_s243_bai21_sec9_001:e8""]",,,,,
alias,ent_001547::hoạt động khoa học kĩ thuật,ent_001547,Concept,hoạt động khoa học kĩ thuật,hoạt động khoa học kĩ thuật,hoạt động khoa học kĩ thuật,"[""Concept""]",1,"[""lichsu_12_s303_bai25_sec5_004:e6""]",,,,,
alias,ent_002672::phong trào giải phóng dân tộc và bảo về đóc lập,ent_002672,Concept,phong trào giải phóng dân tộc và bảo về đóc lập,phong trào giải phóng dân tộc và bảo về đóc lập,phong trào giải phóng dân tộc và bảo về đóc lập,"[""Concept""]",1,"[""lichsu_12_s53_bai5_sec2_001:e6""]",,,,,
alias,ent_001275::đội ngũ công nhân,ent_001275,Concept,đội ngũ công nhân,đội ngũ công nhân,đội ngũ công nhân,"[""Concept""]",1,"[""lichsu_10_s217_001:e7""]",,,,,
alias,ent_000508::Cách mạng dân chủ mới,ent_000508,Concept,Cách mạng dân chủ mới,Cách mạng dân chủ mới,cách mạng dân chủ mới,"[""Concept""]",2,"[""lichsu_11_s66_bai15_sec1_001:e4"", ""lichsu_11_s67_bai15_sec2_001:e2""]",,,,,
alias,ent_003214::thuyết Mác,ent_003214,Concept,thuyết Mác,thuyết Mác,thuyết mác,"[""Concept""]",1,"[""lichsu_10_s212_002:e7""]",,,,,
alias,ent_001920::Liên minh chiến đấu chống Pháp,ent_001920,Concept,Liên minh chiến đấu chống Pháp,Liên minh chiến đấu chống Pháp,liên minh chiến đấu chống pháp,"[""Concept""]",1,"[""lichsu_11_s74_bai16_sec5_002:e10""]",,,,,
alias,ent_002407::nhà nước quân chủ sơ khai,ent_002407,Concept,nhà nước quân chủ sơ khai,nhà nước quân chủ sơ khai,nhà nước quân chủ sơ khai,"[""Concept""]",1,"[""lichsu_10_s92_001:e3""]",,,,,
alias,"ent_000776::chính sách ""bế quan toả cảng""",ent_000776,Concept,"chính sách ""bế quan toả cảng""","chính sách ""bế quan toả cảng""",chính sách bế quan toả cảng,"[""Concept""]",1,"[""lichsu_11_s111_bai20_sec5_001:e8""]",,,,,
alias,ent_001682::khai hoang,ent_001682,Concept,khai hoang,khai hoang,khai hoang,"[""Concept""]",1,"[""lichsu_10_s76_bai15_sec5_001:e5""]",,,,,
alias,ent_000601::chế độ phong kiến chuyên chế,ent_000601,Concept,chế độ phong kiến chuyên chế,chế độ phong kiến chuyên chế,chế độ phong kiến chuyên chế,"[""Concept""]",1,"[""lichsu_10_s183_001:e2""]",,,,,
alias,ent_002498::nông dân,ent_002498,Concept,nông dân,nông dân,nông dân,"[""Concept""]",1,"[""lichsu_10_s206_001:e2""]",,,,,
alias,ent_001378::Giá trị tổng sản lượng công nghiệp và thủ công nghiệp,ent_001378,Concept,Giá trị tổng sản lượng công nghiệp và thủ công nghiệp,Giá trị tổng sản lượng công nghiệp và thủ công nghiệp,giá trị tổng sản lượng công nghiệp và thủ công nghiệp,"[""Concept""]",1,"[""lichsu_12_s279_bai23_sec6_001:e8""]",,,,,
alias,ent_002754::quan hệ sản xuất tư bản chủ nghĩa,ent_002754,Concept,quan hệ sản xuất tư bản chủ nghĩa,quan hệ sản xuất tư bản chủ nghĩa,quan hệ sản xuất tư bản chủ nghĩa,"[""Concept""]",1,"[""lichsu_10_s53_bai11_sec2_001:e8""]",,,,,
alias,ent_002722::Quần chúng nhân dân,ent_002722,Concept,Quần chúng nhân dân,Quần chúng nhân dân,quần chúng nhân dân,"[""Concept""]",2,"[""lichsu_10_s178_001:e8"", ""lichsu_10_s183_001:e9""]",,,,,
alias,ent_001628::Hũ gạo cứu đói,ent_001628,Concept,Hũ gạo cứu đói,Hũ gạo cứu đói,hũ gạo cứu đói,"[""Concept""]",1,"[""lichsu_12_s187_bai17_sec8_001:e6""]",,,,,
alias,ent_002606::tư bản chủ nghĩa,ent_002606,Concept,phe tư bản chủ nghĩa,tư bản chủ nghĩa,tư bản chủ nghĩa,"[""Concept""]",1,"[""lichsu_12_s13_bai1_sec3_001:e5""]",,,,,
alias,ent_000874::cộng đồng người Bengan,ent_000874,Concept,cộng đồng người Bengan,cộng đồng người Bengan,cộng đồng người bengan,"[""Concept""]",1,"[""lichsu_12_s49_bai4_sec8_001:e5""]",,,,,
alias,ent_003157::thời cận đại,ent_003157,Concept,thời cận đại,thời cận đại,thời cận đại,"[""Concept""]",1,"[""lichsu_11_s24_bai7_sec1_001:e8""]",,,,,
alias,ent_000591::chế độ công xã thị tộc,ent_000591,Concept,chế độ công xã thị tộc,chế độ công xã thị tộc,chế độ công xã thị tộc,"[""Concept""]",1,"[""lichsu_10_s16_001:e2""]",,,,,
alias,ent_000514::Cách mạng dân tộc dân chủ nhân dân ở miền Nam,ent_000514,Concept,Cách mạng dân tộc dân chủ nhân dân ở miền Nam,Cách mạng dân tộc dân chủ nhân dân ở miền Nam,cách mạng dân tộc dân chủ nhân dân ở miền nam,"[""Concept""]",1,"[""lichsu_12_s249_bai21_sec15_001:e7""]",,,,,
alias,ent_002879::Sơn Tinh - Thuy Tinh,ent_002879,Concept,Sơn Tinh - Thuy Tinh,Sơn Tinh - Thuy Tinh,sơn tinh thuy tinh,"[""Concept""]",1,"[""lichsu_10_s165_001:e12""]",,,,,
alias,ent_001113::Đẳng cấp thứ ba,ent_001113,Concept,Đẳng cấp thứ ba,Đẳng cấp thứ ba,đẳng cấp thứ ba,"[""Concept""]",1,"[""lichsu_10_s180_001:e12""]",,,,,
alias,ent_001368::GDP thế giới,ent_001368,Concept,GDP thế giới,GDP thế giới,gdp thế giới,"[""Concept""]",1,"[""lichsu_12_s108_bai10_sec5_002:e7""]",,,,,
alias,ent_000602::chế độ phong kiến Đàng Ngoài,ent_000602,Concept,chế độ phong kiến Đàng Ngoài,chế độ phong kiến Đàng Ngoài,chế độ phong kiến đàng ngoài,"[""Concept""]",1,"[""lichsu_10_s131_bai23_sec6_001:e3""]",,,,,
alias,ent_003535::xã hội cổ đại,ent_003535,Concept,xã hội cổ đại,xã hội cổ đại,xã hội cổ đại,"[""Concept""]",1,"[""lichsu_10_s59_001:e1""]",,,,,
alias,ent_000653::chiến lược phát triển kinh tế xã hội 10 năm,ent_000653,Concept,chiến lược phát triển kinh tế xã hội 10 năm,chiến lược phát triển kinh tế xã hội 10 năm,chiến lược phát triển kinh tế xã hội 10 năm,"[""Concept""]",1,"[""lichsu_12_s312_bai26_sec7_003:e11""]",,,,,
alias,ent_003437::vắc-xin chống bệnh chó dại,ent_003437,Concept,vắc-xin chống bệnh chó dại,vắc-xin chống bệnh chó dại,vắc xin chống bệnh chó dại,"[""Concept""]",1,"[""lichsu_10_s195_002:e9""]",,,,,
alias,ent_003446::văn hoá Sơn Vi,ent_003446,Concept,văn hoá Sơn Vi,văn hoá Sơn Vi,văn hoá sơn vi,"[""Concept""]",1,"[""lichsu_10_s66_001:e6""]",,,,,
alias,ent_001895::lí luận khoa học,ent_001895,Concept,lí luận khoa học,lí luận khoa học,lí luận khoa học,"[""Concept""]",1,"[""lichsu_10_s207_003:e6""]",,,,,
alias,ent_002797::quý tộc vương hầu,ent_002797,Concept,quý tộc vương hầu,quý tộc vương hầu,quý tộc vương hầu,"[""Concept""]",1,"[""lichsu_10_s92_002:e2""]",,,,,
alias,ent_001649::Internet,ent_001649,Concept,Internet,Internet,internet,"[""Concept""]",1,"[""lichsu_12_s107_bai10_sec4_003:e6""]",,,,,
alias,ent_000818::chữ Nôm,ent_000818,Concept,chữ Nôm,chữ Nôm,chữ nôm,"[""Concept""]",1,"[""lichsu_10_s113_001:e12""]",,,,,
alias,ent_001664::Kế hoạch Nava,ent_001664,Concept,Kế hoạch Nava,Kế hoạch Nava,kế hoạch nava,"[""Concept""]",1,"[""lichsu_12_s224_bai20_sec4_001:e6""]",,,,,
alias,ent_001558::Học thuyết Truman,ent_001558,Concept,Học thuyết Truman,Học thuyết Truman,học thuyết truman,"[""Concept""]",1,"[""lichsu_12_s96_bai9_sec3_002:e7""]",,,,,
alias,ent_000975::cuộc khởi nghĩa Yên Thế,ent_000975,Event,cuộc khởi nghĩa Yên Thế,cuộc khởi nghĩa Yên Thế,cuộc khởi nghĩa yên thế,"[""Event""]",1,"[""lichsu_11_s120_bai21_sec3_001:e2""]",,,,,
alias,ent_003380::Trương Định tự sát,ent_003380,Event,Trương Định tự sát,Trương Định tự sát,trương định tự sát,"[""Event""]",1,"[""lichsu_11_s105_bai19_sec6_003:e2""]",,,,,
alias,ent_001090::Đại hội VII,ent_001090,Event,Đại hội VII,Đại hội VII,đại hội vii,"[""Event""]",2,"[""lichsu_12_s310_bai26_sec5_001:e6"", ""lichsu_12_s311_bai26_sec6_003:e2""]",,,,,
alias,ent_003555::xâm lược Sơn Đông,ent_003555,Event,xâm lược Sơn Đông,xâm lược Sơn Đông,xâm lược sơn đông,"[""Event""]",1,"[""lichsu_11_s63_bai14_sec4_001:e2""]",,,,,
alias,ent_003293::trận Bạch Đằng,ent_003293,Event,trận Bạch Đằng,trận Bạch Đằng,trận bạch đằng,"[""Event""]",1,"[""lichsu_10_s88_001:e1""]",,,,,
alias,"ent_000625::chống Mĩ, cứu nước",ent_000625,Event,"Chiến chống Mĩ, cứu nước","chống Mĩ, cứu nước",chống mĩ cứu nước,"[""Event""]",1,"[""lichsu_12_s294_bai24_sec4_001:e1""]",,,,,
alias,ent_002916::sụp đổ triều Lê sơ,ent_002916,Event,sụp đổ triều Lê sơ,sụp đổ triều Lê sơ,sụp đổ triều lê sơ,"[""Event""]",1,"[""lichsu_10_s118_001:e3""]",,,,,
alias,ent_003229::tiến công,ent_003229,Event,tiến công,tiến công,tiến công,"[""Event""]",1,"[""lichsu_10_s133_bai23_sec8_002:e3""]",,,,,
alias,ent_000934::Cuộc cách mạng 1870 - 1871,ent_000934,Event,Cuộc cách mạng 1870 - 1871,Cuộc cách mạng 1870 - 1871,cuộc cách mạng 1870 1871,"[""Event""]",1,"[""lichsu_10_s219_001:e3""]",,,,,
alias,ent_002528::nước Lào tuyên bố độc lập,ent_002528,Event,nước Lào tuyên bố độc lập,nước Lào tuyên bố độc lập,nước lào tuyên bố độc lập,"[""Event""]",1,"[""lichsu_12_s43_bai4_sec2_001:e12""]",,,,,
alias,ent_001009::cuộc xâm lược Việt Nam,ent_001009,Event,cuộc xâm lược Việt Nam,cuộc xâm lược Việt Nam,cuộc xâm lược việt nam,"[""Event""]",1,"[""lichsu_11_s140_bai24_sec6_001:e7""]",,,,,
alias,ent_000905::công nhân mỏ than Hà Tu đánh trả lính khố xanh,ent_000905,Event,công nhân mỏ than Hà Tu đánh trả lính khố xanh,công nhân mỏ than Hà Tu đánh trả lính khố xanh,công nhân mỏ than hà tu đánh trả lính khố xanh,"[""Event""]",1,"[""lichsu_11_s139_bai24_sec5_001:e8""]",,,,,
alias,ent_001769::khởi nghĩa vũ trang ở Gia-va và Xu-ma-tơ-ra,ent_001769,Event,khởi nghĩa vũ trang ở Gia-va và Xu-ma-tơ-ra,khởi nghĩa vũ trang ở Gia-va và Xu-ma-tơ-ra,khởi nghĩa vũ trang ở gia va và xu ma tơ ra,"[""Event""]",1,"[""lichsu_11_s73_bai16_sec4_001:e3""]",,,,,
alias,ent_001589::Hội nghị hoà bình ở Vécxai,ent_001589,Event,Hội nghị hoà bình ở Vécxai,Hội nghị hoà bình ở Vécxai,hội nghị hoà bình ở vécxai,"[""Event""]",1,"[""lichsu_11_s48_bai11_sec2_001:e5""]",,,,,
alias,ent_001093::Đại hội VIII,ent_001093,Event,Đại hội VIII,Đại hội VIII,đại hội viii,"[""Event""]",1,"[""lichsu_12_s310_bai26_sec5_001:e7""]",,,,,
alias,ent_003278::Tổng khởi nghĩa tháng Tám,ent_003278,Event,Tổng khởi nghĩa tháng Tám,Tổng khởi nghĩa tháng Tám,tổng khởi nghĩa tháng tám,"[""Event""]",4,"[""lichsu_12_s146_bai14_sec8_001:e6"", ""lichsu_12_s157_bai15_sec7_001:e4"", ""lichsu_12_s162_bai16_sec4_001:e2"", ""lichsu_12_s318_bai27_sec5_001:e2""]",,,,,
alias,ent_003595::xung đột biên giới Trung Quốc - Ấn Độ,ent_003595,Event,Xung đột biên giới Trung Quốc - Ấn Độ,xung đột biên giới Trung Quốc - Ấn Độ,xung đột biên giới trung quốc ấn độ,"[""Event""]",1,"[""lichsu_12_s40_bai3_sec6_001:e1""]",,,,,
alias,ent_002635::Phong trào cách mạng những năm khủng hoảng kinh tế,ent_002635,Event,Phong trào cách mạng những năm khủng hoảng kinh tế,Phong trào cách mạng những năm khủng hoảng kinh tế,phong trào cách mạng những năm khủng hoảng kinh tế,"[""Event""]",1,"[""lichsu_11_s97_bai18_sec6_002:e3""]",,,,,
alias,ent_000984::Cuộc nội chiến 1861 ? 1865,ent_000984,Event,Cuộc nội chiến 1861 ? 1865,Cuộc nội chiến 1861 ? 1865,cuộc nội chiến 1861 1865,"[""Event""]",1,"[""lichsu_10_s192_bai33_sec5_003:e8""]",,,,,
alias,"ent_003576::xoá mù chữ cho hơn 2,5 triệu người",ent_003576,Event,"xoá mù chữ cho hơn 2,5 triệu người","xoá mù chữ cho hơn 2,5 triệu người",xoá mù chữ cho hơn 2 5 triệu người,"[""Event""]",1,"[""lichsu_12_s188_bai17_sec9_001:e9""]",,,,,
alias,ent_001482::Hiến pháp Liên bang được ban hành,ent_001482,Event,Hiến pháp Liên bang được ban hành,Hiến pháp Liên bang được ban hành,hiến pháp liên bang được ban hành,"[""Event""]",1,"[""lichsu_12_s32_bai2_sec13_001:e9""]",,,,,
alias,ent_000543::Cách mạng Việt Nam chuyển sang giai đoạn mới,ent_000543,Event,Cách mạng Việt Nam chuyển sang giai đoạn mới,Cách mạng Việt Nam chuyển sang giai đoạn mới,cách mạng việt nam chuyển sang giai đoạn mới,"[""Event""]",1,"[""lichsu_12_s303_bai25_sec5_001:e4""]",,,,,
alias,ent_000994::cuộc tấn công quy mô vào căn cứ Tân Hoà,ent_000994,Event,cuộc tấn công quy mô vào căn cứ Tân Hoà,cuộc tấn công quy mô vào căn cứ Tân Hoà,cuộc tấn công quy mô vào căn cứ tân hoà,"[""Event""]",1,"[""lichsu_11_s105_bai19_sec6_002:e7""]",,,,,
alias,ent_000507::Cách mạng dân chủ,ent_000507,Event,Cách mạng dân chủ,Cách mạng dân chủ,cách mạng dân chủ,"[""Event""]",1,"[""lichsu_11_s94_bai18_sec3_001:e2""]",,,,,
alias,ent_001403::giải giáp quân Nhật ở Đông Dương,ent_001403,Event,giải giáp quân Nhật ở Đông Dương,giải giáp quân Nhật ở Đông Dương,giải giáp quân nhật ở đông dương,"[""Event""]",1,"[""lichsu_12_s14_bai1_sec4_002:e12""]",,,,,
alias,ent_001657::Kế hoạch 5 năm lần thứ ba,ent_001657,Event,Kế hoạch 5 năm lần thứ ba,Kế hoạch 5 năm lần thứ ba,kế hoạch 5 năm lần thứ ba,"[""Event""]",2,"[""lichsu_11_s43_bai10_sec10_001:e11"", ""lichsu_11_s43_bai10_sec10_002:e3""]",,,,,
alias,ent_001091::Đại hội VII của Đảng,ent_001091,Event,Đại hội VII của Đảng,Đại hội VII của Đảng,đại hội vii của đảng,"[""Event""]",1,"[""lichsu_12_s311_bai26_sec6_004:e1""]",,,,,
alias,ent_000613::Chế tạo máy dệt chạy bằng sức nước,ent_000613,Event,Chế tạo máy dệt chạy bằng sức nước,Chế tạo máy dệt chạy bằng sức nước,chế tạo máy dệt chạy bằng sức nước,"[""Event""]",1,"[""lichsu_10_s187_001:e14""]",,,,,
alias,ent_000977::Cuộc khởi nghĩa Xipay,ent_000977,Event,Khởi nghĩa Xipay,Cuộc khởi nghĩa Xipay,cuộc khởi nghĩa xipay,"[""Event""]",1,"[""lichsu_11_s7_bai2_sec1_002:e6""]",,,,,
alias,ent_002653::Phong trào đấu tranh chống chế độ Mĩ - Diệm,ent_002653,Event,Phong trào đấu tranh chống chế độ Mĩ - Diệm,Phong trào đấu tranh chống chế độ Mĩ - Diệm,phong trào đấu tranh chống chế độ mĩ diệm,"[""Event""]",1,"[""lichsu_12_s246_bai21_sec12_003:e9""]",,,,,
alias,ent_001377::gia nhập Hiệp hội các quốc gia Đông Nam Á (ASEAN),ent_001377,Event,gia nhập Hiệp hội các quốc gia Đông Nam Á (ASEAN),gia nhập Hiệp hội các quốc gia Đông Nam Á (ASEAN),gia nhập hiệp hội các quốc gia đông nam á asean,"[""Event""]",1,"[""lichsu_12_s312_bai26_sec7_001:e7""]",,,,,
alias,ent_000977::khởi nghĩa Xipay,ent_000977,Event,Khởi nghĩa Xipay,khởi nghĩa Xipay,khởi nghĩa xipay,"[""Event""]",2,"[""lichsu_11_s7_bai2_sec1_001:e4"", ""lichsu_11_s9_bai4_sec1_001:e1""]",,,,,
alias,ent_003302::Trận động đất ở Côbê,ent_003302,Event,Trận động đất ở Côbê,Trận động đất ở Côbê,trận động đất ở côbê,"[""Event""]",1,"[""lichsu_12_s91_bai8_sec5_001:e9""]",,,,,
alias,ent_001934::Loạn 12 sứ quân,ent_001934,Event,Loạn 12 sứ quân,Loạn 12 sứ quân,loạn 12 sứ quân,"[""Event""]",1,"[""lichsu_10_s89_001:e9""]",,,,,
alias,ent_001606::Hội nghị U trếch,ent_001606,Event,Hội nghị U trếch,Hội nghị U trếch,hội nghị u trếch,"[""Event""]",1,"[""lichsu_10_s170_002:e8""]",,,,,
alias,ent_003283::Tổng tiến công và nổi dậy giải phóng hoàn toàn miền Nam,ent_003283,Event,Tổng tiến công và nổi dậy giải phóng hoàn toàn miền Nam,Tổng tiến công và nổi dậy giải phóng hoàn toàn miền Nam,tổng tiến công và nổi dậy giải phóng hoàn toàn miền nam,"[""Event""]",1,"[""lichsu_12_s276_bai23_sec3_001:e6""]",,,,,
alias,ent_001763::khởi nghĩa Thi Thiến Khúc Thừa Dụ,ent_001763,Event,khởi nghĩa Thi Thiến Khúc Thừa Dụ,khởi nghĩa Thi Thiến Khúc Thừa Dụ,khởi nghĩa thi thiến khúc thừa dụ,"[""Event""]",1,"[""lichsu_10_s83_001:e9""]",,,,,
alias,ent_000706::Chiến tranh Triều Tiên,ent_000706,Event,Chiến tranh Triều Tiên,Chiến tranh Triều Tiên,chiến tranh triều tiên,"[""Event""]",3,"[""lichsu_12_s89_bai8_sec3_002:e3"", ""lichsu_12_s97_bai9_sec4_002:e7"", ""lichsu_12_s98_bai9_sec5_001:e1""]",,,,,
alias,ent_001088::Đại hội VI,ent_001088,Event,Đại hội VI,Đại hội VI,đại hội vi,"[""Event""]",3,"[""lichsu_12_s310_bai26_sec5_001:e5"", ""lichsu_12_s311_bai26_sec6_001:e3"", ""lichsu_12_s311_bai26_sec6_003:e4""]",,,,,
alias,ent_000702::Chiến tranh thế giới thứ hai bùng nổ,ent_000702,Event,Chiến tranh thế giới thứ hai bùng nổ,Chiến tranh thế giới thứ hai bùng nổ,chiến tranh thế giới thứ hai bùng nổ,"[""Event""]",1,"[""lichsu_11_s84_bai17_sec7_001:e5""]",,,,,
alias,ent_001066::Đại hội,ent_001066,Event,Đại hội,Đại hội,đại hội,"[""Event""]",1,"[""lichsu_12_s154_bai15_sec4_001:e3""]",,,,,
alias,ent_002641::phong trào công nhân Nga,ent_002641,Event,phong trào công nhân Nga,phong trào công nhân Nga,phong trào công nhân nga,"[""Event""]",1,"[""lichsu_10_s225_001:e2""]",,,,,
alias,ent_002582::Pháp đốt Nhà Thông tin ở phố Tràng Tiền,ent_002582,Event,Pháp đốt Nhà Thông tin ở phố Tràng Tiền,Pháp đốt Nhà Thông tin ở phố Tràng Tiền,pháp đốt nhà thông tin ở phố tràng tiền,"[""Event""]",1,"[""lichsu_12_s198_bai18_sec4_001:e15""]",,,,,
alias,ent_001086::Đại hội toàn quốc thống nhất Mặt trận Việt Minh và Hội Liên Việt,ent_001086,Event,Đại hội toàn quốc thống nhất Mặt trận Việt Minh và Hội Liên Việt,Đại hội toàn quốc thống nhất Mặt trận Việt Minh và Hội Liên Việt,đại hội toàn quốc thống nhất mặt trận việt minh và hội liên việt,"[""Event""]",1,"[""lichsu_12_s216_bai19_sec7_001:e2""]",,,,,
alias,ent_002683::Phong trào phản đối hai hiệp ước 1883 và 1884,ent_002683,Event,Phong trào phản đối hai hiệp ước 1883 và 1884,Phong trào phản đối hai hiệp ước 1883 và 1884,phong trào phản đối hai hiệp ước 1883 và 1884,"[""Event""]",1,"[""lichsu_11_s120_bai21_sec3_001:e11""]",,,,,
alias,ent_001731::khởi nghĩa,ent_001731,Event,khởi nghĩa,khởi nghĩa,khởi nghĩa,"[""Event""]",1,"[""lichsu_11_s138_bai24_sec4_002:e3""]",,,,,
alias,ent_002682::phong trào nông dân ở Đàng Ngoài,ent_002682,Event,phong trào nông dân ở Đàng Ngoài,phong trào nông dân ở Đàng Ngoài,phong trào nông dân ở đàng ngoài,"[""Event""]",1,"[""lichsu_10_s158_003:e4""]",,,,,
alias,ent_001648::Inđônêxia tuyên bố độc lập và thành lập nước Công hoà Inđônêxia,ent_001648,Event,Inđônêxia tuyên bố độc lập và thành lập nước Công hoà Inđônêxia,Inđônêxia tuyên bố độc lập và thành lập nước Công hoà Inđônêxia,inđônêxia tuyên bố độc lập và thành lập nước công hoà inđônêxia,"[""Event""]",1,"[""lichsu_12_s43_bai4_sec2_001:e6""]",,,,,
alias,ent_001524::Hít-le lên cầm quyền,ent_001524,Event,Hít-le lên cầm quyền,Hít-le lên cầm quyền,hít le lên cầm quyền,"[""Event""]",1,"[""lichsu_11_s52_bai12_sec3_001:e11""]",,,,,
alias,ent_000701::Chiến tranh thế giới thứ hai,ent_000701,Event,Chiến tranh thế giới thứ hai,Chiến tranh thế giới thứ hai,chiến tranh thế giới thứ hai,"[""Event""]",33,"[""lichsu_11_s58_bai13_sec4_002:e10"", ""lichsu_11_s60_bai14_sec1_001:e2"", ""lichsu_11_s74_bai16_sec5_002:e9"", ""lichsu_11_s79_bai17_sec2_001:e2"", ""lichsu_11_s80_bai17_sec3_001:e1"", ""lichsu_11_s90_bai17_sec13_001:e5"", ""lichsu_11_s97_bai18_sec6_002:e8"", ""lichsu_12_s107_bai10_sec4_001:e2"", ""lichsu_12_s108_bai10_sec5_001:e6"", ""lichsu_12_s114_bai11_sec5_001:e1"", ""lichsu_12_s114_bai11_sec5_003:e1"", ""lichsu_12_s13_bai1_sec3_001:e1"", ""lichsu_12_s14_bai1_sec4_001:e1"", ""lichsu_12_s162_bai16_sec4_001:e3"", ""lichsu_12_s164_bai16_sec6_001:e5"", ""lichsu_12_s16_bai1_sec6_001:e8"", ""lichsu_12_s177_bai16_sec19_001:e9"", ""lichsu_12_s22_bai2_sec3_001:e8"", ""lichsu_12_s233_bai20_sec13_001:e7"", ""lichsu_12_s23_bai2_sec4_001:e2"", ""lichsu_12_s317_bai27_sec4_002:e9"", ""lichsu_12_s36_bai3_sec2_001:e3"", ""lichsu_12_s42_bai4_sec1_001:e7"", ""lichsu_12_s43_bai4_sec2_001:e2"", ""lichsu_12_s48_bai4_sec7_001:e4"", ""lichsu_12_s53_bai5_sec2_001:e5"", ""lichsu_12_s60_bai5_sec9_004:e11"", ""lichsu_12_s63_bai6_sec1_001:e2"", ""lichsu_12_s64_bai6_sec2_001:e2"", ""lichsu_12_s87_bai8_sec1_001:e4"", ""lichsu_12_s88_bai8_sec2_001:e2"", ""lichsu_12_s96_bai9_sec3_001:e4"", ""lichsu_12_s97_bai9_sec4_002:e8""]",,,,,
alias,ent_002214::nền giáo dục Đại Việt chính thức ra đời,ent_002214,Event,nền giáo dục Đại Việt chính thức ra đời,nền giáo dục Đại Việt chính thức ra đời,nền giáo dục đại việt chính thức ra đời,"[""Event""]",1,"[""lichsu_10_s158_002:e3""]",,,,,
alias,ent_001874::lật đổ chính quyền Hai Bà Trưng,ent_001874,Event,lật đổ chính quyền Hai Bà Trưng,lật đổ chính quyền Hai Bà Trưng,lật đổ chính quyền hai bà trưng,"[""Event""]",1,"[""lichsu_10_s75_bai15_sec4_001:e8""]",,,,,
alias,ent_000643::Chiến dịch Việt Bắc thu - đông năm 1947,ent_000643,Event,Chiến dịch Việt Bắc thu - đông năm 1947,Chiến dịch Việt Bắc thu - đông năm 1947,chiến dịch việt bắc thu đông năm 1947,"[""Event""]",2,"[""lichsu_12_s205_bai18_sec11_001:e1"", ""lichsu_12_s207_bai18_sec13_001:e1""]",,,,,
alias,ent_000530::cách mạng Trung Quốc thành công,ent_000530,Event,cách mạng Trung Quốc thành công,cách mạng Trung Quốc thành công,cách mạng trung quốc thành công,"[""Event""]",1,"[""lichsu_12_s207_bai18_sec13_001:e2""]",,,,,
alias,ent_000669::chiến tranh bùng nổ,ent_000669,Event,chiến tranh bùng nổ,chiến tranh bùng nổ,chiến tranh bùng nổ,"[""Event""]",1,"[""lichsu_11_s138_bai24_sec4_001:e3""]",,,,,
alias,ent_000717::chiến tranh xâm lược Viết Nam,ent_000717,Event,chiến tranh xâm lược Viết Nam,chiến tranh xâm lược Viết Nam,chiến tranh xâm lược viết nam,"[""Event""]",1,"[""lichsu_12_s66_bai6_sec4_001:e11""]",,,,,
alias,ent_003154::thoả thuận về việc hạn chế vũ khí chiến lược và kí Hiệp ước về việc hạn chế hệ thống phòng chống tên lửa (ABM),ent_003154,Event,thoả thuận về việc hạn chế vũ khí chiến lược và kí Hiệp ước về việc hạn chế hệ thống phòng chống tên lửa (ABM),thoả thuận về việc hạn chế vũ khí chiến lược và kí Hiệp ước về việc hạn chế hệ thống phòng chống tên lửa (ABM),thoả thuận về việc hạn chế vũ khí chiến lược và kí hiệp ước về việc hạn chế hệ thống phòng chống tên lửa abm,"[""Event""]",1,"[""lichsu_12_s99_bai9_sec6_001:e10""]",,,,,
alias,ent_000862::Công cuộc chiến đấu bảo vệ Tổ quốc,ent_000862,Event,Công cuộc chiến đấu bảo vệ Tổ quốc,Công cuộc chiến đấu bảo vệ Tổ quốc,công cuộc chiến đấu bảo vệ tổ quốc,"[""Event""]",1,"[""lichsu_10_s160_002:e6""]",,,,,
alias,ent_003551::Xây dựng xưởng dệt đầu tiên của Anh,ent_003551,Event,Xây dựng xưởng dệt đầu tiên của Anh,Xây dựng xưởng dệt đầu tiên của Anh,xây dựng xưởng dệt đầu tiên của anh,"[""Event""]",1,"[""lichsu_10_s187_001:e10""]",,,,,
alias,ent_001699::kháng chiến cứu nước,ent_001699,Event,kháng chiến cứu nước,kháng chiến cứu nước,kháng chiến cứu nước,"[""Event""]",1,"[""lichsu_10_s160_002:e2""]",,,,,
alias,ent_002800::Quyết định cử Hội đồng nhân dân và Ủy ban kháng chiến hành chính các cấp,ent_002800,Event,Quyết định cử Hội đồng nhân dân và Ủy ban kháng chiến hành chính các cấp,Quyết định cử Hội đồng nhân dân và Ủy ban kháng chiến hành chính các cấp,quyết định cử hội đồng nhân dân và ủy ban kháng chiến hành chính các cấp,"[""Event""]",1,"[""lichsu_12_s206_bai18_sec12_001:e7""]",,,,,
alias,ent_000572::Cao trào cách mạng,ent_000572,Event,Cao trào cách mạng,Cao trào cách mạng,cao trào cách mạng,"[""Event""]",1,"[""lichsu_11_s97_bai18_sec6_002:e2""]",,,,,
alias,ent_001595::Hội nghị lần thứ nhất Ban Chấp ương lâm thời Đáng Công Sán Việt Nam,ent_001595,Event,Hội nghị lần thứ nhất Ban Chấp ương lâm thời Đáng Công Sán Việt Nam,Hội nghị lần thứ nhất Ban Chấp ương lâm thời Đáng Công Sán Việt Nam,hội nghị lần thứ nhất ban chấp ương lâm thời đáng công sán việt nam,"[""Event""]",1,"[""lichsu_12_s145_bai14_sec7_001:e2""]",,,,,
alias,ent_001591::Hội nghị Ianta,ent_001591,Event,Hội nghị Ianta,Hội nghị Ianta,hội nghị ianta,"[""Event""]",2,"[""lichsu_12_s14_bai1_sec4_001:e3"", ""lichsu_12_s15_bai1_sec5_001:e1""]",,,,,
alias,ent_001790::khủng hoảng kinh tế,ent_001790,Event,khủng hoảng kinh tế,khủng hoảng kinh tế,khủng hoảng kinh tế,"[""Event""]",3,"[""lichsu_11_s60_bai14_sec1_001:e6"", ""lichsu_11_s97_bai18_sec6_002:e7"", ""lichsu_12_s142_bai14_sec4_001:e7""]",,,,,
alias,ent_002492::nội chiến Trung Quốc,ent_002492,Event,nội chiến Trung Quốc,nội chiến Trung Quốc,nội chiến trung quốc,"[""Event""]",1,"[""lichsu_12_s39_bai3_sec5_001:e3""]",,,,,
alias,ent_001071::Đại hội đại biểu toàn quốc lần thứ IV,ent_001071,Event,Đại hội đại biểu toàn quốc lần thứ IV,Đại hội đại biểu toàn quốc lần thứ IV,đại hội đại biểu toàn quốc lần thứ iv,"[""Event""]",1,"[""lichsu_12_s294_bai24_sec4_001:e11""]",,,,,
alias,ent_002630::phong trào cách mạng 1930-1931 ở Việt Nam,ent_002630,Event,phong trào cách mạng 1930-1931 ở Việt Nam,phong trào cách mạng 1930-1931 ở Việt Nam,phong trào cách mạng 1930 1931 ở việt nam,"[""Event""]",1,"[""lichsu_11_s72_bai16_sec3_002:e11""]",,,,,
alias,ent_000434::biến động xã hội chính trị to lớn,ent_000434,Event,biến động xã hội chính trị to lớn,biến động xã hội chính trị to lớn,biến động xã hội chính trị to lớn,"[""Event""]",1,"[""lichsu_10_s174_001:e5""]",,,,,
alias,ent_000674::chiến tranh chống Pháp,ent_000674,Event,chiến tranh chống Pháp,chiến tranh chống Pháp,chiến tranh chống pháp,"[""Event""]",1,"[""lichsu_10_s191_bai33_sec4_001:e10""]",,,,,
alias,ent_003554::xâm lược Campuchia,ent_003554,Event,xâm lược Campuchia,xâm lược Campuchia,xâm lược campuchia,"[""Event""]",1,"[""lichsu_12_s265_bai22_sec13_001:e9""]",,,,,
alias,ent_003589::Xứ uỷ Nam Kì,ent_003589,Organization,Xứ ủy Nam Kì,Xứ uỷ Nam Kì,xứ uỷ nam kì,"[""Organization""]",1,"[""lichsu_12_s166_bai16_sec8_002:e9""]",,,,,
alias,ent_002409::nước Văn Lang,ent_002409,Organization,Văn Lang,nước Văn Lang,nước văn lang,"[""Organization""]",1,"[""lichsu_10_s165_001:e4""]",,,,,
alias,ent_003238::Tin tức,ent_003238,Organization,Tin tức,Tin tức,tin tức,"[""Organization""]",1,"[""lichsu_12_s156_bai15_sec6_003:e11""]",,,,,
alias,ent_001136::Đảng Dân chủ Việt Nam,ent_001136,Organization,Đảng Dân chủ Việt Nam,Đảng Dân chủ Việt Nam,đảng dân chủ việt nam,"[""Organization""]",1,"[""lichsu_12_s169_bai16_sec11_001:e12""]",,,,,
alias,ent_003335::triều đại phong kiến phương Bắc,ent_003335,Organization,triều đại phong kiến phương Bắc,triều đại phong kiến phương Bắc,triều đại phong kiến phương bắc,"[""Organization""]",1,"[""lichsu_10_s73_bai15_sec2_001:e5""]",,,,,
alias,ent_002743::Quân giải phóng Pathét Lào,ent_002743,Organization,Quân giải phóng Pathét Lào,Quân giải phóng Pathét Lào,quân giải phóng pathét lào,"[""Organization""]",1,"[""lichsu_12_s219_bai19_sec10_001:e11""]",,,,,
alias,ent_001391::giai cấp tư sản Anh,ent_001391,Organization,giai cấp tư sản Anh,giai cấp tư sản Anh,giai cấp tư sản anh,"[""Organization""]",1,"[""lichsu_10_s200_002:e9""]",,,,,
alias,ent_000750::Chính phủ Việt Nam Dân chủ Cộng hòa,ent_000750,Organization,Chính phủ Việt Nam Dân chủ Cộng hòa,Chính phủ Việt Nam Dân chủ Cộng hòa,chính phủ việt nam dân chủ cộng hòa,"[""Organization""]",2,"[""lichsu_12_s193_bai17_sec14_002:e3"", ""lichsu_12_s272_bai22_sec20_001:e6""]",,,,,
alias,ent_001153::Đảng và Nhà nước,ent_001153,Organization,Đảng và Nhà nước,Đảng và Nhà nước,đảng và nhà nước,"[""Organization""]",1,"[""lichsu_12_s243_bai21_sec9_001:e10""]",,,,,
alias,ent_001921::Liên minh chính trị In-đô-nê-xi-a,ent_001921,Organization,Liên minh chính trị In-đô-nê-xi-a,Liên minh chính trị In-đô-nê-xi-a,liên minh chính trị in đô nê xi a,"[""Organization""]",1,"[""lichsu_11_s73_bai16_sec4_002:e7""]",,,,,
alias,ent_000871::Cộng đồng Kinh tế châu Âu,ent_000871,Organization,Cộng đồng Kinh tế châu Âu,Cộng đồng Kinh tế châu Âu,cộng đồng kinh tế châu âu,"[""Organization""]",1,"[""lichsu_12_s74_bai7_sec7_001:e7""]",,,,,
alias,ent_001950::lực lượng Pháp theo phái Đờ Gôn,ent_001950,Organization,lực lượng Pháp theo phái Đờ Gôn,lực lượng Pháp theo phái Đờ Gôn,lực lượng pháp theo phái đờ gôn,"[""Organization""]",1,"[""lichsu_12_s172_bai16_sec14_001:e12""]",,,,,
alias,ent_000316::Ai Cập trẻ,ent_000316,Organization,Ai Cập trẻ,Ai Cập trẻ,ai cập trẻ,"[""Organization""]",1,"[""lichsu_11_s13_bai5_sec2_001:e8""]",,,,,
alias,ent_002822::Quốc tế thứ nhất,ent_002822,Organization,Quốc tế thứ nhất,Quốc tế thứ nhất,quốc tế thứ nhất,"[""Organization""]",5,"[""lichsu_10_s218_001:e1"", ""lichsu_10_s219_001:e2"", ""lichsu_10_s221_bai39_sec2_001:e4"", ""lichsu_10_s221_bai39_sec2_002:e12"", ""lichsu_10_s222_bai39_sec3_001:e1""]",,,,,
alias,ent_003530::vương triều Tây Sơn,ent_003530,Organization,vương triều Tây Sơn,vương triều Tây Sơn,vương triều tây sơn,"[""Organization""]",5,"[""lichsu_10_s134_bai23_sec9_001:e3"", ""lichsu_10_s137_bai24_sec3_001:e3"", ""lichsu_10_s145_001:e4"", ""lichsu_10_s158_003:e10"", ""lichsu_10_s159_001:e2""]",,,,,
alias,ent_002821::Quốc tế thứ hai,ent_002821,Organization,Quốc tế thứ hai,Quốc tế thứ hai,quốc tế thứ hai,"[""Organization""]",2,"[""lichsu_10_s221_bai39_sec2_001:e6"", ""lichsu_10_s222_bai39_sec3_001:e8""]",,,,,
alias,ent_001134::Đảng Dân chủ Tự do,ent_001134,Organization,Đảng Dân chủ Tự do,Đảng Dân chủ Tự do,đảng dân chủ tự do,"[""Organization""]",1,"[""lichsu_12_s91_bai8_sec5_001:e6""]",,,,,
alias,ent_002386::nhà Đường,ent_002386,Organization,nhà Đường,nhà Đường,nhà đường,"[""Organization""]",5,"[""lichsu_10_s158_001:e14"", ""lichsu_10_s26_002:e11"", ""lichsu_10_s26_003:e3"", ""lichsu_10_s73_bai15_sec2_001:e6"", ""lichsu_10_s75_bai15_sec4_001:e7""]",,,,,
alias,ent_003263::Toà án Quân sự Viễn Đông,ent_003263,Organization,Toà án Quân sự Viễn Đông,Toà án Quân sự Viễn Đông,toà án quân sự viễn đông,"[""Organization""]",1,"[""lichsu_12_s88_bai8_sec2_001:e10""]",,,,,
alias,ent_000887::Công hoà Nhân dân Trung Hoa,ent_000887,Organization,Cộng hòa Nhân dân Trung Hoa,Công hoà Nhân dân Trung Hoa,công hoà nhân dân trung hoa,"[""Organization""]",1,"[""lichsu_12_s16_bai1_sec6_001:e2""]",,,,,
alias,ent_002389::nhà Lý,ent_002389,Organization,nhà Lý,nhà Lý,nhà lý,"[""Organization""]",2,"[""lichsu_10_s92_001:e5"", ""lichsu_10_s97_001:e9""]",,,,,
alias,ent_000748::Chính phủ Trung Hoa Dân quốc,ent_000748,Organization,Chính phủ Trung Hoa Dân quốc,Chính phủ Trung Hoa Dân quốc,chính phủ trung hoa dân quốc,"[""Organization""]",1,"[""lichsu_12_s14_bai1_sec4_002:e11""]",,,,,
alias,ent_003527::Vương triều Mô-gôn,ent_003527,Organization,Vương triều Mô-gôn,Vương triều Mô-gôn,vương triều mô gôn,"[""Organization""]",1,"[""lichsu_10_s35_001:e8""]",,,,,
alias,ent_002733::quân đội ta,ent_002733,Organization,quân đội ta,quân đội ta,quân đội ta,"[""Organization""]",1,"[""lichsu_12_s212_bai19_sec3_001:e3""]",,,,,
alias,ent_001155::Đảng Xã hội dân chủ,ent_001155,Organization,Đảng Xã hội dân chủ,Đảng Xã hội dân chủ,đảng xã hội dân chủ,"[""Organization""]",1,"[""lichsu_11_s52_bai12_sec3_001:e8""]",,,,,
alias,ent_003478::Việt Nam Cách mạng đồng minh hội,ent_003478,Organization,Việt Nam Cách mạng đồng minh hội,Việt Nam Cách mạng đồng minh hội,việt nam cách mạng đồng minh hội,"[""Organization""]",1,"[""lichsu_12_s183_bai17_sec4_001:e9""]",,,,,
alias,ent_002741::Quân giải phóng miền Nam,ent_002741,Organization,Quân giải phóng miền Nam,Quân giải phóng miền Nam,quân giải phóng miền nam,"[""Organization""]",1,"[""lichsu_12_s252_bai21_sec18_002:e5""]",,,,,
alias,ent_002723::quân dân Liên khu V,ent_002723,Organization,quân dân Liên khu V,quân dân Liên khu V,quân dân liên khu v,"[""Organization""]",1,"[""lichsu_12_s228_bai20_sec8_001:e7""]",,,,,
alias,ent_001056::Cứu quốc quân,ent_001056,Organization,Cứu quốc quân,Cứu quốc quân,cứu quốc quân,"[""Organization""]",1,"[""lichsu_12_s172_bai16_sec14_002:e4""]",,,,,
alias,ent_000868::Cộng đồng các quốc gia độc lập (SNG),ent_000868,Organization,Cộng đồng các quốc gia độc lập,Cộng đồng các quốc gia độc lập (SNG),cộng đồng các quốc gia độc lập sng,"[""Organization""]",1,"[""lichsu_12_s30_bai2_sec11_001:e12""]",,,,,
alias,ent_001572::Hội Liên hiệp lao động quốc tế,ent_001572,Organization,Hội Liên hiệp lao động quốc tế,Hội Liên hiệp lao động quốc tế,hội liên hiệp lao động quốc tế,"[""Organization""]",1,"[""lichsu_10_s217_001:e11""]",,,,,
alias,ent_000873::Cộng đồng Năng lượng nguyên tử châu Âu,ent_000873,Organization,Cộng đồng Năng lượng nguyên tử châu Âu,Cộng đồng Năng lượng nguyên tử châu Âu,cộng đồng năng lượng nguyên tử châu âu,"[""Organization""]",1,"[""lichsu_12_s74_bai7_sec7_001:e6""]",,,,,
alias,ent_002412::Nhà nước Xô viết,ent_002412,Organization,Nhà nước Xô viết,Nhà nước Xô viết,nhà nước xô viết,"[""Organization""]",5,"[""lichsu_11_s21_bai5_sec10_001:e8"", ""lichsu_11_s24_bai7_sec1_001:e2"", ""lichsu_11_s31_bai7_sec8_002:e2"", ""lichsu_11_s32_bai7_sec9_001:e3"", ""lichsu_11_s97_bai18_sec6_001:e6""]",,,,,
alias,ent_003340::triều đình nhà Nguyên,ent_003340,Organization,triều đình nhà Nguyên,triều đình nhà Nguyên,triều đình nhà nguyên,"[""Organization""]",1,"[""lichsu_11_s140_bai24_sec6_001:e13""]",,,,,
alias,ent_002405::Nhà nước quân chủ,ent_002405,Organization,Nhà nước quân chủ,Nhà nước quân chủ,nhà nước quân chủ,"[""Organization""]",1,"[""lichsu_10_s88_001:e4""]",,,,,
alias,ent_000027::12 nhà ngân hàng lớn nhất ở Anh,ent_000027,Organization,12 nhà ngân hàng lớn nhất ở Anh,12 nhà ngân hàng lớn nhất ở Anh,12 nhà ngân hàng lớn nhất ở anh,"[""Organization""]",1,"[""lichsu_10_s200_001:e8""]",,,,,
alias,ent_002686::phong trào Tây Sơn,ent_002686,Organization,phong trào Tây Sơn,phong trào Tây Sơn,phong trào tây sơn,"[""Organization""]",1,"[""lichsu_10_s133_bai23_sec8_002:e9""]",,,,,
alias,ent_001270::Đội du kích Bắc Sơn,ent_001270,Organization,Đội du kích Bắc Sơn,Đội du kích Bắc Sơn,đội du kích bắc sơn,"[""Organization""]",3,"[""lichsu_12_s166_bai16_sec8_001:e12"", ""lichsu_12_s166_bai16_sec8_002:e3"", ""lichsu_12_s166_bai16_sec8_003:e8""]",,,,,
alias,ent_002319::Ngân hàng Đông Dương,ent_002319,Organization,Ngân hàng Đông Dương,Ngân hàng Đông Dương,ngân hàng đông dương,"[""Organization""]",2,"[""lichsu_12_s123_bai12_sec6_001:e9"", ""lichsu_12_s183_bai17_sec4_002:e7""]",,,,,
alias,ent_000391::Ban Chấp hành Trung ương lâm thời của Đảng,ent_000391,Organization,Ban Chấp hành Trung ương lâm thời của Đảng,Ban Chấp hành Trung ương lâm thời của Đảng,ban chấp hành trung ương lâm thời của đảng,"[""Organization""]",1,"[""lichsu_12_s136_bai13_sec7_004:e7""]",,,,,
alias,ent_001565::Hội đồng châu Âu,ent_001565,Organization,Hội đồng châu Âu,Hội đồng châu Âu,hội đồng châu âu,"[""Organization""]",1,"[""lichsu_12_s84_bai7_sec17_001:e2""]",,,,,
alias,ent_003564::Xéc-bi,ent_003564,Organization,Xéc-bi,Xéc-bi,xéc bi,"[""Organization""]",1,"[""lichsu_11_s19_bai5_sec8_001:e9""]",,,,,
alias,ent_003464::Vệ quốc đoàn,ent_003464,Organization,Vệ quốc đoàn,Vệ quốc đoàn,vệ quốc đoàn,"[""Organization""]",1,"[""lichsu_12_s186_bai17_sec7_001:e13""]",,,,,
alias,ent_003384::tư bản Pháp,ent_003384,Organization,tư bản Pháp,tư bản Pháp,tư bản pháp,"[""Organization""]",4,"[""lichsu_11_s137_bai24_sec3_002:e1"", ""lichsu_11_s140_bai24_sec6_001:e4"", ""lichsu_12_s125_bai12_sec8_001:e2"", ""lichsu_12_s183_bai17_sec4_002:e5""]",,,,,
alias,ent_001226::Pháp,ent_001226,Organization,Pháp,Pháp,pháp,"[""Organization""]",24,"[""lichsu_11_s102_bai19_sec3_001:e2"", ""lichsu_11_s104_bai19_sec5_003:e3"", ""lichsu_11_s105_bai19_sec6_001:e4"", ""lichsu_11_s111_bai20_sec5_001:e4"", ""lichsu_11_s116_bai20_sec10_001:e7"", ""lichsu_11_s122_bai21_sec5_002:e5"", ""lichsu_11_s124_bai21_sec7_001:e6"", ""lichsu_11_s12_bai5_sec1_001:e11"", ""lichsu_11_s18_bai5_sec7_001:e9"", ""lichsu_11_s7_bai2_sec1_001:e10"", ""lichsu_11_s81_bai17_sec4_002:e7"", ""lichsu_12_s142_bai14_sec4_001:e12"", ""lichsu_12_s165_bai16_sec7_001:e10"", ""lichsu_12_s166_bai16_sec8_002:e4"", ""lichsu_12_s205_bai18_sec11_002:e2"", ""lichsu_12_s213_bai19_sec4_001:e5"", ""lichsu_12_s223_bai20_sec3_001:e3"", ""lichsu_12_s226_bai20_sec6_003:e6"", ""lichsu_12_s226_bai20_sec6_005:e5"", ""lichsu_12_s230_bai20_sec10_002:e5"", ""lichsu_12_s230_bai20_sec10_004:e5"", ""lichsu_12_s232_bai20_sec12_001:e2"", ""lichsu_12_s233_bai20_sec13_001:e10"", ""lichsu_12_s98_bai9_sec5_001:e6""]",,,,,
alias,ent_001122::Đảng Công sản,ent_001122,Organization,Đảng Công sản,Đảng Công sản,đảng công sản,"[""Organization""]",1,"[""lichsu_12_s71_bai7_sec4_001:e10""]",,,,,
alias,ent_000571::Cao Thắng,ent_000571,Person,Cao Thắng,Cao Thắng,cao thắng,"[""Person""]",2,"[""lichsu_11_s123_bai21_sec6_001:e8"", ""lichsu_11_s124_bai21_sec7_001:e1""]",,,,,
alias,ent_001894::Lý Bí,ent_001894,Person,Lý Bí,Lý Bí,lý bí,"[""Person""]",1,"[""lichsu_10_s83_002:e12""]",,,,,
alias,ent_003421::U. Sớcsin,ent_003421,Person,U. Sớcsin,U. Sớcsin,u sớcsin,"[""Person""]",1,"[""lichsu_12_s14_bai1_sec4_001:e9""]",,,,,
alias,ent_001148::Đặng Tiểu Bình,ent_001148,Person,Đặng Tiểu Bình,Đặng Tiểu Bình,đặng tiểu bình,"[""Person""]",1,"[""lichsu_12_s40_bai3_sec6_001:e12""]",,,,,
alias,ent_001250::Đinh Bộ Lĩnh,ent_001250,Person,Đinh Bộ Lĩnh,Đinh Bộ Lĩnh,đinh bộ lĩnh,"[""Person""]",1,"[""lichsu_10_s89_001:e10""]",,,,,
alias,ent_002952::Thái hậu họ Dương,ent_002952,Person,Thái hậu họ Dương,Thái hậu họ Dương,thái hậu họ dương,"[""Person""]",1,"[""lichsu_10_s102_001:e8""]",,,,,
alias,ent_000916::Coóc nây,ent_000916,Person,Coóc nây,Coóc nây,coóc nây,"[""Person""]",1,"[""lichsu_11_s24_bai7_sec1_001:e9""]",,,,,
alias,ent_003321::Trần Thắng,ent_003321,Person,Trần Thắng,Trần Thắng,trần thắng,"[""Person""]",1,"[""lichsu_10_s26_002:e3""]",,,,,
alias,ent_001365::G. Xanhtơni,ent_001365,Person,G. Xanhtơni,G. Xanhtơni,g xanhtơni,"[""Person""]",1,"[""lichsu_12_s193_bai17_sec14_002:e5""]",,,,,
alias,ent_001366::Gác-ni-e,ent_001366,Person,Gác-ni-ê,Gác-ni-e,gác ni e,"[""Person""]",1,"[""lichsu_11_s111_bai20_sec5_002:e10""]",,,,,
alias,ent_002891::Sôvanhắc,ent_002891,Person,Sôvanhắc,Sôvanhắc,sôvanhắc,"[""Person""]",1,"[""lichsu_12_s205_bai18_sec11_001:e8""]",,,,,
alias,ent_003350::Trịnh Kiểm,ent_003350,Person,Trịnh Kiểm,Trịnh Kiểm,trịnh kiểm,"[""Person""]",1,"[""lichsu_10_s120_001:e9""]",,,,,
alias,ent_001525::Nguyễn Ai Quốc,ent_001525,Person,Hồ Chí Minh,Nguyễn Ai Quốc,nguyễn ai quốc,"[""Person""]",1,"[""lichsu_12_s132_bai13_sec3_001:e1""]",,,,,
alias,ent_001968::M. Ganđi,ent_001968,Person,M. Ganđi,M. Ganđi,m ganđi,"[""Person""]",1,"[""lichsu_12_s49_bai4_sec8_001:e9""]",,,,,
alias,ent_003314::Trần Quốc Tuấn,ent_003314,Person,Trần Quốc Tuấn,Trần Quốc Tuấn,trần quốc tuấn,"[""Person""]",1,"[""lichsu_10_s104_001:e7""]",,,,,
alias,ent_003578::Xt-phen-xơn,ent_003578,Person,Xt-phen-xơn,Xt-phen-xơn,xt phen xơn,"[""Person""]",1,"[""lichsu_10_s187_002:e8""]",,,,,
alias,ent_002564::Phạm Văn Đồng,ent_002564,Person,Phạm Văn Đồng,Phạm Văn Đồng,phạm văn đồng,"[""Person""]",1,"[""lichsu_12_s230_bai20_sec10_002:e4""]",,,,,
alias,ent_001880::Lê Duy Lương,ent_001880,Person,Lê Duy Lương,Lê Duy Lương,lê duy lương,"[""Person""]",1,"[""lichsu_11_s104_bai19_sec5_001:e5""]",,,,,
alias,ent_003326::Trần Văn Cung,ent_003326,Person,Trần Văn Cung,Trần Văn Cung,trần văn cung,"[""Person""]",1,"[""lichsu_12_s136_bai13_sec7_001:e10""]",,,,,
alias,ent_001850::Lâm Hoành,ent_001850,Person,Lâm Hoành,Lâm Hoành,lâm hoành,"[""Person""]",1,"[""lichsu_11_s116_bai20_sec10_001:e3""]",,,,,
alias,ent_002335::nghiệ Âu Việt,ent_002335,Person,nghiệ Âu Việt,nghiệ Âu Việt,nghiệ âu việt,"[""Person""]",1,"[""lichsu_10_s165_001:e8""]",,,,,
alias,ent_002506::Nông Văn Quang,ent_002506,Person,Nông Văn Quang,Nông Văn Quang,nông văn quang,"[""Person""]",1,"[""lichsu_11_s104_bai19_sec5_001:e10""]",,,,,
alias,ent_002370::Nguyễn Văn Cừ,ent_002370,Person,Nguyễn Văn Cừ,Nguyễn Văn Cừ,nguyễn văn cừ,"[""Person""]",1,"[""lichsu_12_s166_bai16_sec8_001:e5""]",,,,,
alias,ent_002610::Phi líp II,ent_002610,Person,Phi líp II,Phi líp II,phi líp ii,"[""Person""]",1,"[""lichsu_10_s170_002:e10""]",,,,,
alias,ent_003288::Trai an,ent_003288,Person,Trai an,Trai an,trai an,"[""Person""]",1,"[""lichsu_10_s22_bai4_sec6_001:e10""]",,,,,
alias,ent_002716::Pri-đi Pha-nô-mi-ông,ent_002716,Person,Pri-đi Pha-nô-mi-ông,Pri-đi Pha-nô-mi-ông,pri đi pha nô mi ông,"[""Person""]",2,"[""lichsu_11_s76_bai16_sec7_001:e7"", ""lichsu_11_s79_bai17_sec2_001:e1""]",,,,,
alias,ent_001362::G. Gôđa,ent_001362,Person,G. Gôđa,G. Gôđa,g gôđa,"[""Person""]",1,"[""lichsu_12_s156_bai15_sec6_002:e7""]",,,,,
alias,ent_001899::Lý Thánh Tông,ent_001899,Person,Lý Thánh Tông,Lý Thánh Tông,lý thánh tông,"[""Person""]",2,"[""lichsu_10_s112_001:e2"", ""lichsu_10_s92_001:e11""]",,,,,
alias,ent_001886::Lê Lợi,ent_001886,Person,Lê Lợi,Lê Lợi,lê lợi,"[""Person""]",1,"[""lichsu_10_s106_001:e9""]",,,,,
alias,ent_000820::Chủ tịch Hồ Chí Minh,ent_000820,Person,Chủ tịch Hồ Chí Minh,Chủ tịch Hồ Chí Minh,chủ tịch hồ chí minh,"[""Person""]",7,"[""lichsu_12_s183_bai17_sec4_002:e12"", ""lichsu_12_s187_bai17_sec8_001:e5"", ""lichsu_12_s188_bai17_sec9_001:e3"", ""lichsu_12_s192_bai17_sec13_002:e9"", ""lichsu_12_s200_bai18_sec6_001:e11"", ""lichsu_12_s208_bai18_sec14_001:e6"", ""lichsu_12_s266_bai22_sec14_001:e4""]",,,,,
alias,ent_002351::Nguyễn Huệ,ent_002351,Person,Nguyễn Huệ,Nguyễn Huệ,nguyễn huệ,"[""Person""]",6,"[""lichsu_10_s131_bai23_sec6_001:e10"", ""lichsu_10_s132_bai23_sec7_001:e12"", ""lichsu_10_s133_bai23_sec8_001:e12"", ""lichsu_10_s133_bai23_sec8_002:e1"", ""lichsu_10_s134_bai23_sec9_001:e4"", ""lichsu_10_s160_002:e1""]",,,,,
alias,ent_000345::Ất mét A ra-ra-bi,ent_000345,Person,Ất mét A ra-ra-bi,Ất mét A ra-ra-bi,ất mét a ra ra bi,"[""Person""]",1,"[""lichsu_11_s13_bai5_sec2_001:e9""]",,,,,
alias,ent_001675::kênh đào,ent_001675,Place,kênh đào,kênh đào,kênh đào,"[""Place""]",1,"[""lichsu_12_s60_bai5_sec9_002:e7""]",,,,,
alias,ent_001637::Hương Cảng (Trung Quốc),ent_001637,Place,Hương Cảng (Trung Quốc),Hương Cảng (Trung Quốc),hương cảng trung quốc,"[""Place""]",1,"[""lichsu_12_s145_bai14_sec7_001:e4""]",,,,,
alias,ent_000321::Ấn Độ,ent_000321,Place,Ấn Độ,Ấn Độ,ấn độ,"[""Place""]",18,"[""lichsu_10_s16_001:e10"", ""lichsu_10_s29_001:e6"", ""lichsu_10_s29_002:e1"", ""lichsu_10_s32_001:e3"", ""lichsu_10_s33_001:e3"", ""lichsu_10_s34_001:e2"", ""lichsu_10_s35_001:e10"", ""lichsu_11_s66_bai15_sec1_001:e5"", ""lichsu_11_s67_bai15_sec2_001:e5"", ""lichsu_11_s68_bai15_sec3_001:e4"", ""lichsu_11_s71_bai16_sec2_001:e5"", ""lichsu_11_s7_bai2_sec1_001:e1"", ""lichsu_11_s7_bai2_sec1_002:e1"", ""lichsu_12_s40_bai3_sec6_001:e3"", ""lichsu_12_s48_bai4_sec7_001:e3"", ""lichsu_12_s49_bai4_sec8_001:e2"", ""lichsu_12_s50_bai4_sec9_001:e2"", ""lichsu_12_s53_bai5_sec2_001:e2""]",,,,,
alias,ent_000467::Bon,ent_000467,Place,Bon,Bon,bon,"[""Place""]",1,"[""lichsu_12_s99_bai9_sec6_001:e7""]",,,,,
alias,ent_000427::Béclin,ent_000427,Place,Béclin,Béclin,béclin,"[""Place""]",2,"[""lichsu_12_s172_bai16_sec14_001:e5"", ""lichsu_12_s230_bai20_sec10_001:e9""]",,,,,
alias,ent_001651::Kế Bào,ent_001651,Place,Kế Bào,Kế Bào,kế bào,"[""Place""]",1,"[""lichsu_11_s139_bai24_sec5_001:e6""]",,,,,
alias,ent_000462::Bô-xtơn,ent_000462,Place,Bô-xtơn,Bô-xtơn,bô xtơn,"[""Place""]",1,"[""lichsu_10_s175_001:e11""]",,,,,
alias,ent_000359::Bắc,ent_000359,Place,Bắc,Bắc,bắc,"[""Place""]",1,"[""lichsu_10_s151_001:e10""]",,,,,
alias,ent_002520::núi Vũ Quang,ent_002520,Place,núi Vũ Quang,núi Vũ Quang,núi vũ quang,"[""Place""]",1,"[""lichsu_11_s124_bai21_sec7_001:e7""]",,,,,
alias,ent_003566::Xi-bia,ent_003566,Place,Xi-bia,Xi-bia,xi bia,"[""Place""]",1,"[""lichsu_10_s227_001:e10""]",,,,,
alias,ent_001857::Lãng Bạc,ent_001857,Place,Lãng Bạc,Lãng Bạc,lãng bạc,"[""Place""]",1,"[""lichsu_10_s83_002:e6""]",,,,,
alias,ent_002029::Miên,ent_002029,Place,Miên,Miên,miên,"[""Place""]",1,"[""lichsu_12_s177_bai16_sec19_001:e10""]",,,,,
alias,ent_003467::Vécxai,ent_003467,Place,Vécxai,Vécxai,vécxai,"[""Place""]",1,"[""lichsu_11_s48_bai11_sec2_001:e9""]",,,,,
alias,ent_001631::Huê Cầu,ent_001631,Place,Huê Cầu,Huê Cầu,huê cầu,"[""Place""]",1,"[""lichsu_10_s97_002:e9""]",,,,,
alias,ent_001058::Đà Nẵng,ent_001058,Place,Đà Nẵng,Đà Nẵng,đà nẵng,"[""Place""]",6,"[""lichsu_11_s104_bai19_sec5_002:e6"", ""lichsu_12_s202_bai18_sec8_001:e10"", ""lichsu_12_s246_bai21_sec12_001:e9"", ""lichsu_12_s252_bai21_sec18_003:e10"", ""lichsu_12_s285_bai23_sec12_002:e11"", ""lichsu_12_s285_bai23_sec12_003:e1""]",,,,,
alias,ent_003404::Từ Sơn,ent_003404,Place,Từ Sơn,Từ Sơn,từ sơn,"[""Place""]",1,"[""lichsu_12_s166_bai16_sec8_003:e4""]",,,,,
alias,ent_001868::lãnh thổ thống nhất,ent_001868,Place,lãnh thổ thống nhất,lãnh thổ thống nhất,lãnh thổ thống nhất,"[""Place""]",1,"[""lichsu_10_s88_001:e6""]",,,,,
alias,ent_002885::sông Hoàng,ent_002885,Place,sông Hoàng,sông Hoàng,sông hoàng,"[""Place""]",1,"[""lichsu_10_s26_002:e8""]",,,,,
alias,ent_001448::Hạ Lôi,ent_001448,Place,Hạ Lôi,Hạ Lôi,hạ lôi,"[""Place""]",1,"[""lichsu_10_s83_002:e8""]",,,,,
alias,ent_000579::Cham-pa,ent_000579,Place,Cham-pa,Cham-pa,cham pa,"[""Organization""]",2,"[""lichsu_10_s41_001:e7"", ""lichsu_10_s70_001:e4""]",,,,,
alias,ent_000583::châu Á,ent_000583,Place,châu Á,châu Á,châu á,"[""Place""]",6,"[""lichsu_10_s15_001:e1"", ""lichsu_10_s29_001:e7"", ""lichsu_11_s60_bai14_sec1_001:e4"", ""lichsu_11_s6_001:e4"", ""lichsu_12_s54_bai5_sec3_001:e2"", ""lichsu_12_s59_bai5_sec8_001:e9""]",,,,,
alias,ent_003072::Thanh Hoá,ent_003072,Place,Thanh Hóa,Thanh Hoá,thanh hoá,"[""Place""]",5,"[""lichsu_10_s120_001:e4"", ""lichsu_10_s133_bai23_sec8_002:e11"", ""lichsu_10_s64_001:e5"", ""lichsu_10_s65_001:e2"", ""lichsu_12_s216_bai19_sec7_002:e6""]",,,,,
alias,ent_002577::Phan Rang,ent_002577,Place,Phan Rang,Phan Rang,phan rang,"[""Place""]",1,"[""lichsu_12_s285_bai23_sec12_003:e12""]",,,,,
alias,ent_002941::Tân Trào,ent_002941,Place,Tân Trào,Tân Trào,tân trào,"[""Place""]",2,"[""lichsu_12_s173_bai16_sec15_002:e11"", ""lichsu_12_s174_bai16_sec16_001:e10""]",,,,,
alias,ent_002889::sông Nin,ent_002889,Place,sông Nin,sông Nin,sông nin,"[""Place""]",2,"[""lichsu_10_s16_001:e5"", ""lichsu_10_s59_001:e4""]",,,,,
alias,ent_003364::Trung Kì,ent_003364,Place,Trung Kì,Trung Kì,trung kì,"[""Place""]",2,"[""lichsu_11_s120_bai21_sec3_001:e10"", ""lichsu_12_s167_bai16_sec9_002:e6""]",,,,,
alias,ent_000419::Bát đa,ent_000419,Place,Bát đa,Bát đa,bát đa,"[""Place""]",1,"[""lichsu_10_s34_001:e7""]",,,,,
alias,ent_000584::châu Á - Thái Bình Dương,ent_000584,Place,châu Á - Thái Bình Dương,châu Á - Thái Bình Dương,châu á thái bình dương,"[""Place""]",1,"[""lichsu_12_s173_bai16_sec15_001:e6""]",,,,,
alias,ent_000431::biển Caribê,ent_000431,Place,biển Caribê,biển Caribê,biển caribê,"[""Place""]",1,"[""lichsu_12_s58_bai5_sec7_001:e8""]",,,,,
alias,ent_002881::sông Ấn,ent_002881,Place,sông Ấn,sông Ấn,sông ấn,"[""Place""]",2,"[""lichsu_10_s29_001:e11"", ""lichsu_10_s59_001:e8""]",,,,,
alias,ent_002542::Pa la,ent_002542,Place,Pa la,Pa la,pa la,"[""Place""]",1,"[""lichsu_10_s33_001:e7""]",,,,,
alias,ent_000799::Chợ Rẫy,ent_000799,Place,Chợ Rẫy,Chợ Rẫy,chợ rẫy,"[""Place""]",1,"[""lichsu_11_s104_bai19_sec5_002:e9""]",,,,,
alias,ent_001911::Liên bang Xô viết,ent_001911,Place,Liên Xô,Liên bang Xô viết,liên bang xô viết,"[""Place""]",1,"[""lichsu_12_s100_bai9_sec7_001:e4""]",,,,,
alias,ent_001450::Hà Nội - Mục Nam Quan,ent_001450,Place,Hà Nội - Mục Nam Quan,Hà Nội - Mục Nam Quan,hà nội mục nam quan,"[""Place""]",1,"[""lichsu_12_s243_bai21_sec9_001:e1""]",,,,,
alias,ent_003198::Thuận An,ent_003198,Place,Thuận An,Thuận An,thuận an,"[""Place""]",2,"[""lichsu_11_s115_bai20_sec9_001:e12"", ""lichsu_11_s116_bai20_sec10_001:e5""]",,,,,
alias,ent_001106::Đan Mạch,ent_001106,Place,Đan Mạch,Đan Mạch,đan mạch,"[""Place""]",1,"[""lichsu_10_s192_bai33_sec5_001:e3""]",,,,,
alias,ent_002937::Tân Phước,ent_002937,Place,Tân Phước,Tân Phước,tân phước,"[""Place""]",1,"[""lichsu_11_s105_bai19_sec6_002:e8""]",,,,,
alias,ent_001379::Gia-va,ent_001379,Place,Gia-va,Gia-va,gia va,"[""Place""]",1,"[""lichsu_11_s73_bai16_sec4_001:e4""]",,,,,
alias,ent_003291::Trại Sơn,ent_003291,Place,Trại Sơn,Trại Sơn,trại sơn,"[""Place""]",1,"[""lichsu_11_s122_bai21_sec5_002:e7""]",,,,,
alias,ent_001911::Liên Xô,ent_001911,Place,Liên Xô,Liên Xô,liên xô,"[""Organization""]",22,"[""lichsu_11_s35_bai10_sec2_001:e2"", ""lichsu_11_s58_bai13_sec4_002:e7"", ""lichsu_11_s81_bai17_sec4_002:e5"", ""lichsu_11_s90_bai17_sec13_001:e7"", ""lichsu_12_s114_bai11_sec5_001:e6"", ""lichsu_12_s13_bai1_sec3_001:e8"", ""lichsu_12_s14_bai1_sec4_001:e5"", ""lichsu_12_s14_bai1_sec4_002:e3"", ""lichsu_12_s16_bai1_sec6_001:e12"", ""lichsu_12_s173_bai16_sec15_001:e12"", ""lichsu_12_s232_bai20_sec12_001:e10"", ""lichsu_12_s249_bai21_sec15_002:e7"", ""lichsu_12_s265_bai22_sec13_001:e12"", ""lichsu_12_s27_bai2_sec8_001:e6"", ""lichsu_12_s32_bai2_sec13_001:e3"", ""lichsu_12_s69_bai7_sec2_001:e12"", ""lichsu_12_s89_bai8_sec3_002:e10"", ""lichsu_12_s96_bai9_sec3_001:e3"", ""lichsu_12_s96_bai9_sec3_002:e3"", ""lichsu_12_s97_bai9_sec4_002:e10"", ""lichsu_12_s99_bai9_sec6_001:e8"", ""lichsu_12_s99_bai9_sec6_002:e2""]",,,,,
alias,ent_000481::Buôn Ma Thuột,ent_000481,Place,Buôn Ma Thuột,Buôn Ma Thuột,buôn ma thuột,"[""Place""]",1,"[""lichsu_12_s285_bai23_sec12_001:e6""]",,,,,
alias,ent_003149::Thổ Chu,ent_003149,Place,Thổ Chu,Thổ Chu,thổ chu,"[""Place""]",1,"[""lichsu_12_s304_bai25_sec6_001:e6""]",,,,,
alias,ent_000388::Bali,ent_000388,Place,Bali,Bali,bali,"[""Place""]",1,"[""lichsu_12_s46_bai4_sec5_001:e10""]",,,,,
alias,ent_000331::Anggôla,ent_000331,Place,Anggôla,Anggôla,anggôla,"[""Place""]",1,"[""lichsu_12_s55_bai5_sec4_001:e17""]",,,,,
alias,ent_000578::Cầu Giấy,ent_000578,Place,Cầu Giấy,Cầu Giấy,cầu giấy,"[""Place""]",1,"[""lichsu_11_s111_bai20_sec5_004:e9""]",,,,,
alias,ent_001852::Lam Sơn,ent_001852,Place,Lam Sơn,Lam Sơn,lam sơn,"[""Place""]",1,"[""lichsu_10_s106_001:e11""]",,,,,
alias,ent_001303::Đông Khê,ent_001303,Place,Đông Khê,Đông Khê,đông khê,"[""Place""]",1,"[""lichsu_12_s208_bai18_sec14_001:e8""]",,,,,
alias,ent_003439::Vai-ma,ent_003439,Place,Vai-ma,Vai-ma,vai ma,"[""Place""]",1,"[""lichsu_11_s51_bai12_sec2_001:e10""]",,,,,
alias,ent_001630::Huế,ent_001630,Place,Huế,Huế,huế,"[""Place""]",7,"[""lichsu_11_s138_bai24_sec4_002:e5"", ""lichsu_11_s139_bai24_sec5_001:e3"", ""lichsu_12_s134_bai13_sec5_001:e7"", ""lichsu_12_s246_bai21_sec12_001:e8"", ""lichsu_12_s252_bai21_sec18_003:e9"", ""lichsu_12_s285_bai23_sec12_002:e8"", ""lichsu_12_s296_bai24_sec6_001:e12""]",,,,,
alias,ent_002878::Sơn Tây,ent_002878,Place,Sơn Tây,Sơn Tây,sơn tây,"[""Place""]",3,"[""lichsu_11_s116_bai20_sec10_002:e5"", ""lichsu_11_s122_bai21_sec5_001:e3"", ""lichsu_12_s135_bai13_sec6_001:e12""]",,,,,
alias,ent_001297::Đông Đức,ent_001297,Place,Đông Đức,Đông Đức,đông đức,"[""Place""]",1,"[""lichsu_12_s27_bai2_sec8_001:e5""]",,,,,
alias,ent_002785::Quảng Nam,ent_002785,Place,Quảng Nam,Quảng Nam,quảng nam,"[""Place""]",2,"[""lichsu_11_s132_bai23_sec2_001:e9"", ""lichsu_11_s138_bai24_sec4_002:e6""]",,,,,
alias,ent_000309::A-ten,ent_000309,Place,A-ten,A-ten,a ten,"[""Place""]",1,"[""lichsu_10_s22_bai4_sec6_001:e1""]",,,,,
alias,ent_002846::Sài Gòn - Chợ Lớn,ent_002846,Place,Sài Gòn - Chợ Lớn,Sài Gòn - Chợ Lớn,sài gòn chợ lớn,"[""Place""]",2,"[""lichsu_12_s128_bai12_sec11_002:e3"", ""lichsu_12_s246_bai21_sec12_001:e6""]",,,,,
alias,ent_000274::4 triệu năm trước đây,ent_000274,Time,4 triệu năm trước đây,4 triệu năm trước đây,4 triệu năm trước đây,"[""Time""]",1,"[""lichsu_10_s10_001:e7""]",,,,,
alias,ent_003105::thế kỉ III,ent_003105,Time,thế kỉ III,thế kỉ III,thế kỉ iii,"[""Time""]",1,"[""lichsu_10_s50_001:e8""]",,,,,
alias,ent_003106::thế kỉ III TCN,ent_003106,Time,thế kỉ III TCN,thế kỉ III TCN,thế kỉ iii tcn,"[""Time""]",1,"[""lichsu_10_s29_002:e9""]",,,,,
alias,ent_002102::năm 1905,ent_002102,Time,năm 1905,năm 1905,năm 1905,"[""Time""]",1,"[""lichsu_10_s202_002:e6""]",,,,,
alias,ent_000295::7 - 5 - 1944,ent_000295,Time,7 - 5 - 1944,7 - 5 - 1944,7 5 1944,"[""Time""]",1,"[""lichsu_12_s170_bai16_sec12_002:e7""]",,,,,
alias,ent_002070::Năm 1054,ent_002070,Time,Năm 1054,Năm 1054,năm 1054,"[""Time""]",1,"[""lichsu_10_s92_001:e10""]",,,,,
alias,ent_002987::Tháng 12 năm 1688,ent_002987,Time,Tháng 12 năm 1688,Tháng 12 năm 1688,tháng 12 năm 1688,"[""Time""]",1,"[""lichsu_10_s171_001:e5""]",,,,,
alias,ent_003022::tháng 5 - 1972,ent_003022,Time,tháng 5 - 1972,tháng 5 - 1972,tháng 5 1972,"[""Time""]",1,"[""lichsu_12_s66_bai6_sec4_001:e1""]",,,,,
alias,ent_003400::từ ngày 30 tháng 3 đến ngày 26 tháng 4,ent_003400,Time,từ ngày 30 tháng 3 đến ngày 26 tháng 4,từ ngày 30 tháng 3 đến ngày 26 tháng 4,từ ngày 30 tháng 3 đến ngày 26 tháng 4,"[""Time""]",1,"[""lichsu_12_s226_bai20_sec6_004:e12""]",,,,,
alias,ent_002252::Ngày 15/9/1941,ent_002252,Time,Ngày 15/9/1941,Ngày 15/9/1941,ngày 15 9 1941,"[""Time""]",1,"[""lichsu_12_s169_bai16_sec11_002:e2""]",,,,,
alias,ent_002856::sáng 18 ? 9,ent_002856,Time,sáng 18 ? 9,sáng 18 ? 9,sáng 18 9,"[""Time""]",1,"[""lichsu_12_s208_bai18_sec14_001:e9""]",,,,,
alias,ent_003009::Tháng 4 - 1572,ent_003009,Time,Tháng 4 - 1572,Tháng 4 - 1572,tháng 4 1572,"[""Time""]",1,"[""lichsu_10_s170_002:e4""]",,,,,
alias,ent_002134::năm 1954,ent_002134,Time,năm 1954,năm 1954,năm 1954,"[""Time""]",3,"[""lichsu_12_s213_bai19_sec4_001:e12"", ""lichsu_12_s232_bai20_sec12_001:e4"", ""lichsu_12_s316_bai27_sec3_001:e9""]",,,,,
alias,ent_000160::1966-1970,ent_000160,Time,1966-1970,1966-1970,1966 1970,"[""Time""]",1,"[""lichsu_12_s45_bai4_sec4_001:e10""]",,,,,
alias,ent_000196::1993 đến năm 2000,ent_000196,Time,1993 đến năm 2000,1993 đến năm 2000,1993 đến năm 2000,"[""Time""]",1,"[""lichsu_12_s91_bai8_sec5_001:e8""]",,,,,
alias,ent_001010::cuối năm 1916,ent_001010,Time,cuối năm 1916,cuối năm 1916,cuối năm 1916,"[""Time""]",2,"[""lichsu_11_s20_bai5_sec9_001:e8"", ""lichsu_11_s21_bai5_sec10_001:e2""]",,,,,
alias,ent_000224::2010,ent_000224,Time,2010,2010,2010,"[""Time""]",1,"[""lichsu_12_s312_bai26_sec7_004:e10""]",,,,,
alias,ent_000062::1833 - 1835,ent_000062,Time,1833 - 1835,1833 - 1835,1833 1835,"[""Time""]",1,"[""lichsu_11_s104_bai19_sec5_001:e12""]",,,,,
alias,ent_002276::Ngày 25 - 12 - 1991,ent_002276,Time,Ngày 25 - 12 - 1991,Ngày 25 - 12 - 1991,ngày 25 12 1991,"[""Time""]",1,"[""lichsu_12_s30_bai2_sec11_002:e5""]",,,,,
alias,ent_003027::Tháng 6 - 1932,ent_003027,Time,Tháng 6 - 1932,Tháng 6 - 1932,tháng 6 1932,"[""Time""]",1,"[""lichsu_12_s148_bai14_sec10_001:e10""]",,,,,
alias,ent_002238::ngày 12 - 3 - 1975,ent_002238,Time,ngày 12 - 3 - 1975,ngày 12 - 3 - 1975,ngày 12 3 1975,"[""Time""]",1,"[""lichsu_12_s285_bai23_sec12_001:e11""]",,,,,
alias,ent_000065::1841,ent_000065,Time,1841,1841,1841,"[""Time""]",1,"[""lichsu_10_s212_001:e5""]",,,,,
alias,ent_003038::Tháng 7 năm 1995,ent_003038,Time,Tháng 7 năm 1995,Tháng 7 năm 1995,tháng 7 năm 1995,"[""Time""]",1,"[""lichsu_12_s311_bai26_sec6_005:e8""]",,,,,
alias,ent_001028::cuối năm 1988,ent_001028,Time,cuối năm 1988,cuối năm 1988,cuối năm 1988,"[""Time""]",1,"[""lichsu_12_s45_bai4_sec4_003:e6""]",,,,,
alias,ent_000061::1833,ent_000061,Time,1833,1833,1833,"[""Time""]",1,"[""lichsu_11_s104_bai19_sec5_001:e7""]",,,,,
alias,ent_000054::1800,ent_000054,Time,1800,1800,1800,"[""Time""]",1,"[""lichsu_10_s200_001:e5""]",,,,,
alias,ent_002281::Ngày 26 - 3 - 1971,ent_002281,Time,Ngày 26 - 3 - 1971,Ngày 26 - 3 - 1971,ngày 26 3 1971,"[""Time""]",1,"[""lichsu_12_s49_bai4_sec8_001:e3""]",,,,,
alias,ent_002124::năm 1939,ent_002124,Time,năm 1939,năm 1939,năm 1939,"[""Time""]",1,"[""lichsu_12_s242_bai21_sec8_002:e4""]",,,,,
alias,ent_002150::năm 1975,ent_002150,Time,năm 1975,năm 1975,năm 1975,"[""Time""]",5,"[""lichsu_12_s284_bai23_sec11_001:e5"", ""lichsu_12_s293_bai24_sec3_001:e2"", ""lichsu_12_s294_bai24_sec4_001:e2"", ""lichsu_12_s297_bai24_sec7_001:e1"", ""lichsu_12_s316_bai27_sec3_001:e12""]",,,,,
alias,ent_002179::Năm 980,ent_002179,Time,Năm 980,Năm 980,năm 980,"[""Time""]",1,"[""lichsu_10_s102_001:e4""]",,,,,
alias,ent_000163::1968,ent_000163,Time,1968,1968,1968,"[""Time""]",1,"[""lichsu_12_s71_bai7_sec4_001:e9""]",,,,,
alias,ent_003169::Thời kì Áng-co,ent_003169,Time,Thời kì Áng-co,Thời kì Áng-co,thời kì áng co,"[""Time""]",1,"[""lichsu_10_s45_001:e10""]",,,,,
alias,ent_002156::năm 1988,ent_002156,Time,năm 1988,năm 1988,năm 1988,"[""Time""]",1,"[""lichsu_12_s311_bai26_sec6_002:e2""]",,,,,
alias,ent_000085::1890 - 1900,ent_000085,Time,1890 - 1900,1890 - 1900,1890 1900,"[""Time""]",1,"[""lichsu_10_s202_001:e11""]",,,,,
alias,ent_000192::1991,ent_000192,Time,1991,1991,1991,"[""Time""]",3,"[""lichsu_12_s311_bai26_sec6_004:e7"", ""lichsu_12_s32_bai2_sec13_001:e4"", ""lichsu_12_s72_bai7_sec5_001:e10""]",,,,,
alias,ent_000073::1870,ent_000073,Time,1870,1870,1870,"[""Time""]",1,"[""lichsu_10_s202_001:e3""]",,,,,
alias,ent_002292::Ngày 3 - 4 - 1882,ent_002292,Time,Ngày 3 - 4 - 1882,Ngày 3 - 4 - 1882,ngày 3 4 1882,"[""Time""]",1,"[""lichsu_11_s113_bai20_sec7_001:e11""]",,,,,
alias,ent_000072::1867,ent_000072,Time,1867,1867,1867,"[""Time""]",2,"[""lichsu_11_s100_bai19_sec1_001:e12"", ""lichsu_11_s102_bai19_sec3_001:e6""]",,,,,
alias,ent_002966::tháng 10 - 1923,ent_002966,Time,tháng 10 - 1923,tháng 10 - 1923,tháng 10 1923,"[""Time""]",1,"[""lichsu_11_s51_bai12_sec2_002:e3""]",,,,,
alias,ent_000242::25 - 8 1883,ent_000242,Time,25 - 8 1883,25 - 8 1883,25 8 1883,"[""Time""]",1,"[""lichsu_11_s116_bai20_sec10_001:e10""]",,,,,
alias,ent_001719::khoảng 1950 - 1951,ent_001719,Time,khoảng 1950 - 1951,khoảng 1950 - 1951,khoảng 1950 1951,"[""Time""]",1,"[""lichsu_12_s88_bai8_sec2_002:e5""]",,,,,
alias,ent_000124::1937,ent_000124,Time,1937,1937,1937,"[""Time""]",1,"[""lichsu_11_s81_bai17_sec4_001:e4""]",,,,,
alias,ent_002266::Ngày 20 tháng 11 năm 1873,ent_002266,Time,Ngày 20 tháng 11 năm 1873,Ngày 20 tháng 11 năm 1873,ngày 20 tháng 11 năm 1873,"[""Time""]",1,"[""lichsu_11_s111_bai20_sec5_002:e12""]",,,,,
alias,ent_000253::Ngày 28 tháng 7 năm 1995,ent_000253,Time,28 tháng 7 năm 1995,Ngày 28 tháng 7 năm 1995,ngày 28 tháng 7 năm 1995,"[""Time""]",1,"[""lichsu_12_s311_bai26_sec6_005:e9""]",,,,,
alias,ent_002275::Ngày 25 - 1 - 1969,ent_002275,Time,Ngày 25 - 1 - 1969,Ngày 25 - 1 - 1969,ngày 25 1 1969,"[""Time""]",1,"[""lichsu_12_s272_bai22_sec20_001:e8""]",,,,,
alias,ent_002291::Ngày 29 - 3 - 1973,ent_002291,Time,Ngày 29 - 3 - 1973,Ngày 29 - 3 - 1973,ngày 29 3 1973,"[""Time""]",1,"[""lichsu_12_s281_bai23_sec8_001:e2""]",,,,,
alias,ent_000043::1648,ent_000043,Time,1648,1648,1648,"[""Time""]",1,"[""lichsu_10_s170_002:e12""]",,,,,
alias,ent_002453::những năm 1850 - 1870,ent_002453,Time,những năm 1850 - 1870,những năm 1850 - 1870,những năm 1850 1870,"[""Time""]",1,"[""lichsu_10_s219_001:e6""]",,,,,
alias,ent_000086::1892,ent_000086,Time,1892,1892,1892,"[""Time""]",2,"[""lichsu_11_s122_bai21_sec5_002:e11"", ""lichsu_11_s123_bai21_sec6_001:e12""]",,,,,
alias,ent_002057::mùa xuân năm 1927,ent_002057,Time,mùa xuân năm 1927,mùa xuân năm 1927,mùa xuân năm 1927,"[""Time""]",1,"[""lichsu_11_s61_bai14_sec2_002:e4""]",,,,,
alias,ent_002517::nửa sau thế kỉ XVII,ent_002517,Time,nửa sau thế kỉ XVII,nửa sau thế kỉ XVII,nửa sau thế kỉ xvii,"[""Time""]",1,"[""lichsu_10_s124_001:e8""]",,,,,
alias,ent_002280::ngày 25 tháng 8,ent_002280,Time,ngày 25 tháng 8,ngày 25 tháng 8,ngày 25 tháng 8,"[""Time""]",1,"[""lichsu_12_s173_bai16_sec15_003:e4""]",,,,,
alias,ent_002261::Ngày 19 tháng 8 năm 1945,ent_002261,Time,Ngày 19 tháng 8 năm 1945,Ngày 19 tháng 8 năm 1945,ngày 19 tháng 8 năm 1945,"[""Time""]",1,"[""lichsu_12_s173_bai16_sec15_002:e12""]",,,,,
alias,ent_002171::Năm 603,ent_002171,Time,Năm 603,Năm 603,năm 603,"[""Time""]",1,"[""lichsu_10_s83_003:e4""]",,,,,
alias,ent_001030::cuối năm 1995,ent_001030,Time,cuối năm 1995,cuối năm 1995,cuối năm 1995,"[""Time""]",1,"[""lichsu_12_s311_bai26_sec6_005:e2""]",,,,,
alias,ent_000270::4 - 11 - 1950,ent_000270,Time,4 - 11 - 1950,4 - 11 - 1950,4 11 1950,"[""Time""]",1,"[""lichsu_12_s208_bai18_sec14_002:e9""]",,,,,
alias,ent_000211::20 - 12,ent_000211,Time,20 - 12,20 - 12,20 12,"[""Time""]",1,"[""lichsu_12_s246_bai21_sec12_003:e3""]",,,,,
alias,ent_002865::sau năm 1945,ent_002865,Time,sau năm 1945,sau năm 1945,sau năm 1945,"[""Time""]",2,"[""lichsu_12_s37_bai3_sec3_001:e4"", ""lichsu_12_s87_bai8_sec1_001:e6""]",,,,,
alias,ent_003007::tháng 3 năm 1995,ent_003007,Time,tháng 3 năm 1995,tháng 3 năm 1995,tháng 3 năm 1995,"[""Time""]",1,"[""lichsu_12_s85_bai7_sec18_001:e5""]",,,,,
alias,ent_003178::Thời Lê,ent_003178,Time,Thời Lê,Thời Lê,thời lê,"[""Time""]",1,"[""lichsu_10_s92_002:e4""]",,,,,
alias,ent_000246::26 tháng 7 năm 1953,ent_000246,Time,26 tháng 7 năm 1953,26 tháng 7 năm 1953,26 tháng 7 năm 1953,"[""Time""]",1,"[""lichsu_12_s60_bai5_sec9_001:e9""]",,,,,
alias,ent_003405::Từ tháng 1953 đến tháng 7 năm 1954,ent_003405,Time,Từ tháng 1953 đến tháng 7 năm 1954,Từ tháng 1953 đến tháng 7 năm 1954,từ tháng 1953 đến tháng 7 năm 1954,"[""Time""]",1,"[""lichsu_12_s216_bai19_sec7_002:e4""]",,,,,
alias,ent_001442::giữa thế kỉ XVIII,ent_001442,Time,giữa thế kỉ XVIII,giữa thế kỉ XVIII,giữa thế kỉ xviii,"[""Time""]",2,"[""lichsu_10_s131_bai23_sec6_001:e4"", ""lichsu_10_s175_001:e10""]",,,,,
alias,ent_000136::1950 - 1975,ent_000136,Time,1950 - 1975,1950 - 1975,1950 1975,"[""Time""]",1,"[""lichsu_12_s27_bai2_sec8_001:e11""]",,,,,
alias,ent_002962::Tháng 1 - 1579,ent_002962,Time,Tháng 1 - 1579,Tháng 1 - 1579,tháng 1 1579,"[""Time""]",1,"[""lichsu_10_s170_002:e6""]",,,,,
alias,ent_002478::những năm đầu của thế kỉ XXI,ent_002478,Time,những năm đầu của thế kỉ XXI,những năm đầu của thế kỉ XXI,những năm đầu của thế kỉ xxi,"[""Time""]",2,"[""lichsu_12_s37_bai3_sec3_002:e8"", ""lichsu_12_s38_bai3_sec4_001:e4""]",,,,,
alias,ent_001014::Cuối năm 1928,ent_001014,Time,Cuối năm 1928,Cuối năm 1928,cuối năm 1928,"[""Time""]",1,"[""lichsu_12_s133_bai13_sec4_002:e9""]",,,,,
alias,ent_002105::năm 1913,ent_002105,Time,năm 1913,năm 1913,năm 1913,"[""Time""]",2,"[""lichsu_11_s137_bai24_sec3_001:e9"", ""lichsu_11_s138_bai24_sec4_001:e2""]",,,,,
alias,ent_003110::thế kỉ V,ent_003110,Time,thế kỉ V,thế kỉ V,thế kỉ v,"[""Time""]",1,"[""lichsu_10_s50_001:e2""]",,,,,
alias,ent_003042::tháng 8 1914,ent_003042,Time,tháng 8 1914,tháng 8 1914,tháng 8 1914,"[""Time""]",1,"[""lichsu_11_s137_bai24_sec3_002:e8""]",,,,,
alias,ent_000077::1879,ent_000077,Time,1879,1879,1879,"[""Time""]",1,"[""lichsu_11_s13_bai5_sec2_001:e7""]",,,,,
alias,ent_000010::10 1953,ent_000010,Time,10 1953,10 1953,10 1953,"[""Time""]",1,"[""lichsu_12_s224_bai20_sec4_002:e8""]",,,,,
alias,ent_002106::Năm 1914,ent_002106,Time,Năm 1914,Năm 1914,năm 1914,"[""Time""]",1,"[""lichsu_11_s30_bai7_sec7_001:e4""]",,,,,
alias,ent_002455::những năm 1918 - 1929,ent_002455,Time,những năm 1918 - 1929,những năm 1918 - 1929,những năm 1918 1929,"[""Time""]",1,"[""lichsu_11_s63_bai14_sec4_001:e5""]",,,,,
alias,ent_002259::Ngày 18 - 4 - 1951,ent_002259,Time,Ngày 18 - 4 - 1951,Ngày 18 - 4 - 1951,ngày 18 4 1951,"[""Time""]",1,"[""lichsu_12_s74_bai7_sec7_001:e1""]",,,,,
alias,ent_000104::1919 - 1939,ent_000104,Time,1918-1939,1919 - 1939,1919 1939,"[""Time""]",1,"[""lichsu_11_s48_bai11_sec2_001:e8""]",,,,,
alias,ent_000078::1882,ent_000078,Time,1882,1882,1882,"[""Time""]",1,"[""lichsu_11_s13_bai5_sec2_001:e10""]",,,,,
alias,ent_002233::Ngày 10 - 12 - 1953,ent_002233,Time,Ngày 10 - 12 - 1953,Ngày 10 - 12 - 1953,ngày 10 12 1953,"[""Time""]",1,"[""lichsu_12_s226_bai20_sec6_001:e7""]",,,,,
alias,ent_000220::2004,ent_000220,Time,2004,2004,2004,"[""Time""]",1,"[""lichsu_12_s85_bai7_sec18_001:e2""]",,,,,
alias,ent_002154::năm 1986,ent_002154,Time,năm 1986,năm 1986,năm 1986,"[""Time""]",1,"[""lichsu_12_s311_bai26_sec6_002:e10""]",,,,,
alias,ent_003097::thập niên 70 trở đi,ent_003097,Time,thập niên 70 trở đi,thập niên 70 trở đi,thập niên 70 trở đi,"[""Time""]",1,"[""lichsu_10_s200_002:e11""]",,,,,
alias,ent_000137::1951 - 1953,ent_000137,Time,1951 - 1953,1951 - 1953,1951 1953,"[""Time""]",1,"[""lichsu_12_s212_bai19_sec3_001:e2""]",,,,,
alias,ent_001184::đầu năm 1954,ent_001184,Time,đầu năm 1954,đầu năm 1954,đầu năm 1954,"[""Time""]",1,"[""lichsu_12_s224_bai20_sec4_002:e1""]",,,,,
alias,ent_003129::Thế kỉ XVIII - XIX,ent_003129,Time,Thế kỉ XVIII - XIX,Thế kỉ XVIII - XIX,thế kỉ xviii xix,"[""Time""]",1,"[""lichsu_12_s107_bai10_sec4_001:e5""]",,,,,
alias,ent_000252::28 tháng 6 năm 1991,ent_000252,Time,28 tháng 6 năm 1991,28 tháng 6 năm 1991,28 tháng 6 năm 1991,"[""Time""]",1,"[""lichsu_12_s100_bai9_sec7_001:e5""]",,,,,
alias,ent_001233::đêm 22 rạng sáng 23 - 11 - 1940,ent_001233,Time,đêm 22 rạng sáng 23 - 11 - 1940,đêm 22 rạng sáng 23 - 11 - 1940,đêm 22 rạng sáng 23 11 1940,"[""Time""]",1,"[""lichsu_12_s167_bai16_sec9_001:e2""]",,,,,
alias,ent_000294::7 - 2 - 1965,ent_000294,Time,7 - 2 - 1965,7 - 2 - 1965,7 2 1965,"[""Time""]",1,"[""lichsu_12_s318_bai27_sec5_002:e10""]",,,,,
